frame_count,left_hand_valid_ratio,right_hand_valid_ratio,mean_keypoint_confidence,minimum_keypoint_confidence,mean_2d_motion,maximum_2d_motion,std_2d_motion,mean_smplx_value,std_smplx_value,mean_smplx_motion,maximum_smplx_motion,video_id,pkl_path,gloss,split,signer_id,fps,frame_start,frame_end
21,1.0,1.0,0.9231435656547546,0.6524451971054077,1.3454358577728271,17.457334518432617,1.839566707611084,0.1172114834189415,1.7338303327560425,0.01652946136891842,1.6355018615722656,03071,wlasl_pkls_cropFalse_defult_shape/03071.pkl,appreciate,train,55,25,1,-1
26,1.0,1.0,0.9343090653419495,0.6058218479156494,0.9318616390228271,17.34157371520996,1.6119781732559204,0.07609431445598602,1.3808287382125854,0.01044914498925209,0.4590219557285309,01836,wlasl_pkls_cropFalse_defult_shape/01836.pkl,alcohol,train,11,25,1,-1
58,0.9482758641242981,1.0,0.7527506947517395,0.052171144634485245,7.85809850692749,209.13458251953125,31.310810089111328,0.11277665942907333,1.4346809387207031,0.013253221288323402,1.8486385345458984,01625,wlasl_pkls_cropFalse_defult_shape/01625.pkl,aid,train,14,25,1,-1
94,0.7021276354789734,0.7659574151039124,0.7743089199066162,0.03853755071759224,5.3159098625183105,238.3489532470703,23.902637481689453,0.12710967659950256,1.4676947593688965,0.011788981966674328,2.286104202270508,02234,wlasl_pkls_cropFalse_defult_shape/02234.pkl,always,train,5,25,1,-1
53,0.7169811725616455,0.8301886916160583,0.8458118438720703,0.04805856943130493,7.167255878448486,199.59837341308594,24.020856857299805,0.08108756691217422,1.3741194009780884,0.022692451253533363,2.464719772338867,00425,wlasl_pkls_cropFalse_defult_shape/00425.pkl,about,train,16,25,1,-1
79,1.0,1.0,0.7362494468688965,0.028960373252630234,8.304941177368164,224.16851806640625,32.35801315307617,0.12369710206985474,1.658300518989563,0.012517450377345085,2.0136356353759766,02880,wlasl_pkls_cropFalse_defult_shape/02880.pkl,apartment,train,12,25,1,-1
62,0.0,0.7419354915618896,0.7399550676345825,0.03093908727169037,8.421487808227539,201.649658203125,31.962480545043945,0.09995976835489273,1.38994300365448,0.011634153313934803,0.8939361572265625,03634,wlasl_pkls_cropFalse_defult_shape/03634.pkl,asl,train,37,25,1,-1
58,1.0,1.0,0.8002453446388245,0.05336038023233414,5.892158508300781,163.47694396972656,18.82393455505371,0.07523425668478012,1.436149001121521,0.0201814416795969,3.2274913787841797,04052,wlasl_pkls_cropFalse_defult_shape/04052.pkl,attorney,train,20,25,1,-1
75,0.6533333659172058,0.9600000381469727,0.7635849714279175,0.03276803344488144,4.735404968261719,207.81500244140625,20.098007202148438,0.11963173747062683,1.5612411499023438,0.014894579537212849,1.4808979034423828,00842,wlasl_pkls_cropFalse_defult_shape/00842.pkl,across,train,12,25,1,-1
72,0.5833333134651184,0.7361111044883728,0.8165587186813354,0.043508775532245636,11.790556907653809,204.57424926757812,39.972721099853516,0.08799292892217636,1.519667387008667,0.015293942764401436,2.9958553314208984,03366,wlasl_pkls_cropFalse_defult_shape/03366.pkl,army,train,5,25,1,-1
28,1.0,1.0,0.9387813806533813,0.5059826374053955,1.4932981729507446,28.850984573364258,2.8688342571258545,0.04154931381344795,1.378247618675232,0.013882627710700035,0.4329872131347656,04304,wlasl_pkls_cropFalse_defult_shape/04304.pkl,available,train,11,25,1,-1
103,1.0,1.0,0.791456937789917,0.048750512301921844,3.737361431121826,264.68951416015625,14.223010063171387,0.1161712035536766,1.4837875366210938,0.013360531069338322,1.0389060974121094,04130,wlasl_pkls_cropFalse_defult_shape/04130.pkl,audiologist,train,13,25,1,-1
45,1.0,1.0,0.9198409914970398,0.4850909411907196,0.8755677938461304,27.20294189453125,2.008227825164795,0.05152597278356552,1.4265018701553345,0.009242487139999866,0.7671279907226562,03205,wlasl_pkls_cropFalse_defult_shape/03205.pkl,archery,val,11,25,1,-1
8,1.0,1.0,0.6806861758232117,0.09443363547325134,13.009767532348633,164.0948944091797,34.300537109375,0.11143399775028229,1.3566139936447144,0.026556288823485374,5.044740676879883,03004,wlasl_pkls_cropFalse_defult_shape/03004.pkl,apple,test,14,25,1,-1
89,0.8202247023582458,0.9438202381134033,0.8664289116859436,0.025714069604873657,3.1012933254241943,187.74371337890625,12.848555564880371,0.09417502582073212,1.5166661739349365,0.01545731257647276,1.4214057922363281,01965,wlasl_pkls_cropFalse_defult_shape/01965.pkl,allergy,val,41,25,1,-1
38,1.0,1.0,0.9823927879333496,0.6384010314941406,0.7288561463356018,6.882188320159912,0.8874740600585938,0.10359997302293777,1.512258529663086,0.013813823461532593,2.0162124633789062,04015,wlasl_pkls_cropFalse_defult_shape/04015.pkl,attention,train,10,25,1,-1
96,1.0,1.0,0.8135817050933838,0.035480305552482605,3.7360615730285645,4263.556640625,61.04808044433594,0.060235075652599335,1.4230213165283203,0.012942946515977383,1.24656343460083,03339,wlasl_pkls_cropFalse_defult_shape/03339.pkl,arm,train,13,25,1,-1
63,1.0,0.9841270446777344,0.8262324929237366,0.032719582319259644,8.1861572265625,220.51287841796875,28.52430534362793,0.14670026302337646,1.5404603481292725,0.014946299605071545,1.5485610961914062,01806,wlasl_pkls_cropFalse_defult_shape/01806.pkl,alarm,train,30,25,1,-1
53,0.9245283007621765,1.0,0.8087407350540161,0.06723444908857346,1.6711663007736206,104.72085571289062,5.738609790802002,0.13378770649433136,1.3650126457214355,0.010298267006874084,1.2091293334960938,04043,wlasl_pkls_cropFalse_defult_shape/04043.pkl,attitude,train,20,25,1,-1
45,1.0,1.0,0.888176441192627,0.21293172240257263,1.5779770612716675,37.66920471191406,4.15472412109375,0.10218044370412827,1.473765254020691,0.01260901615023613,2.2194671630859375,00886,wlasl_pkls_cropFalse_defult_shape/00886.pkl,activity,val,9,25,554,610
72,0.6527777910232544,0.7638888955116272,0.8159115314483643,0.03973507881164551,4.6581034660339355,175.07693481445312,19.01688003540039,0.07980595529079437,1.36669921875,0.01421761978417635,4.489200592041016,02159,wlasl_pkls_cropFalse_defult_shape/02159.pkl,already,val,26,25,1,-1
101,1.0,1.0,0.7829250693321228,0.049630649387836456,5.380683422088623,334.3856506347656,15.050037384033203,0.10272723436355591,1.5737639665603638,0.021282503381371498,1.936117172241211,03274,wlasl_pkls_cropFalse_defult_shape/03274.pkl,argue,train,13,25,1,-1
56,0.0357142873108387,1.0,0.7975314855575562,0.05108211934566498,3.7899489402770996,461.7612609863281,16.516321182250977,0.11504317820072174,1.4243217706680298,0.012987034395337105,1.4529361724853516,03159,wlasl_pkls_cropFalse_defult_shape/03159.pkl,april,train,5,25,1,-1
72,1.0,0.944444477558136,0.9233572483062744,0.21026292443275452,2.1536083221435547,31.864213943481445,3.6483612060546875,0.10029517859220505,1.4785665273666382,0.01281412411481142,0.7984676361083984,02653,wlasl_pkls_cropFalse_defult_shape/02653.pkl,annoy,train,41,25,1,-1
61,0.9999999403953552,0.9999999403953552,0.9422124028205872,0.5895286798477173,0.6880935430526733,26.248809814453125,1.6765589714050293,0.08064033836126328,1.415362000465393,0.009977415204048157,0.7403010129928589,02095,wlasl_pkls_cropFalse_defult_shape/02095.pkl,almost,train,11,25,1,-1
33,1.0,1.0,0.9800236225128174,0.5253168940544128,1.239580750465393,54.00925827026367,4.716679573059082,0.08071213960647583,1.508359432220459,0.014733551070094109,2.0448837280273438,02618,wlasl_pkls_cropFalse_defult_shape/02618.pkl,announce,train,9,25,2727,2779
83,0.20481926202774048,0.9879517555236816,0.715441882610321,0.063541941344738,4.230329513549805,189.11166381835938,16.34223747253418,0.10213963687419891,1.35531747341156,0.012172850780189037,2.5668697357177734,03598,wlasl_pkls_cropFalse_defult_shape/03598.pkl,ask,train,13,25,1,-1
26,1.0,1.0,0.9730239510536194,0.6277323365211487,0.8767417669296265,12.041594505310059,1.759775161743164,0.06922582536935806,1.3373368978500366,0.012488641776144505,0.5056369304656982,02129,wlasl_pkls_cropFalse_defult_shape/02129.pkl,a lot,train,11,25,1,-1
38,1.0,1.0,0.9609944820404053,0.44261497259140015,1.4591487646102905,20.75402069091797,2.7648215293884277,0.08446072787046432,1.3961611986160278,0.01193561963737011,0.5606591105461121,01926,wlasl_pkls_cropFalse_defult_shape/01926.pkl,all day,train,11,25,1,-1
43,1.0,1.0,0.9822114706039429,0.7231141328811646,0.4443269968032837,15.0,1.2541992664337158,0.08830588310956955,1.5375871658325195,0.008304482325911522,1.1857738494873047,01472,wlasl_pkls_cropFalse_defult_shape/01472.pkl,against,val,9,25,1179,1228
63,0.6984127163887024,0.7142857313156128,0.8483378887176514,0.030815672129392624,5.743068218231201,231.97340393066406,24.58802032470703,0.0722789615392685,1.4388158321380615,0.01836027018725872,2.641023635864258,00423,wlasl_pkls_cropFalse_defult_shape/00423.pkl,about,train,5,25,1,-1
71,0.6760563254356384,0.591549277305603,0.7662004232406616,0.04323213919997215,5.659809112548828,180.89593505859375,19.168827056884766,0.026576325297355652,1.3139549493789673,0.011149954050779343,0.5560261607170105,02228,wlasl_pkls_cropFalse_defult_shape/02228.pkl,always,train,2,25,1,-1
33,1.0,1.0,0.8198947310447693,0.054833896458148956,1.0941569805145264,157.1691131591797,4.99515962600708,0.08432912826538086,1.6453405618667603,0.01007871050387621,0.6362943649291992,01561,wlasl_pkls_cropFalse_defult_shape/01561.pkl,ago,train,11,25,1,-1
68,1.0,1.0,0.8173718452453613,0.048703763633966446,1.637442708015442,137.1695556640625,10.13089370727539,0.11960150301456451,1.5205295085906982,0.01053206343203783,2.2661972045898438,03150,wlasl_pkls_cropFalse_defult_shape/03150.pkl,april,val,9,25,3467,3546
55,0.9999999403953552,0.9999999403953552,0.9245566725730896,0.1209983080625534,2.0477118492126465,54.7592658996582,5.554234504699707,0.12019142508506775,1.5999937057495117,0.018113765865564346,2.5909194946289062,04191,wlasl_pkls_cropFalse_defult_shape/04191.pkl,australia,train,20,25,1,-1
70,0.6142857074737549,0.6285714507102966,0.8151640892028809,0.043700821697711945,5.117224216461182,175.64646911621094,19.392045974731445,0.08853554725646973,1.3438141345977783,0.01183677464723587,0.7316226959228516,01433,wlasl_pkls_cropFalse_defult_shape/01433.pkl,afternoon,train,26,25,1,-1
52,1.0,1.0,0.9130135774612427,0.46533942222595215,2.039269208908081,59.11613845825195,4.802682876586914,0.09073861688375473,1.4209829568862915,0.01607273891568184,0.8404788970947266,02913,wlasl_pkls_cropFalse_defult_shape/02913.pkl,apostrophe,train,21,25,1,-1
70,0.9285714626312256,1.0,0.8689637184143066,0.048238907009363174,4.871024131774902,194.05767822265625,18.31671714782715,0.08165000379085541,1.316014289855957,0.014428160153329372,1.455759048461914,01470,wlasl_pkls_cropFalse_defult_shape/01470.pkl,again,train,24,25,1,-1
49,0.5510203838348389,0.6326530575752258,0.7664000988006592,0.05601984262466431,7.361430644989014,210.4547576904297,28.220125198364258,0.09791196882724762,1.35199773311615,0.015666713938117027,2.429220199584961,01622,wlasl_pkls_cropFalse_defult_shape/01622.pkl,aid,val,23,25,1,-1
54,1.0,1.0,0.9763959646224976,0.42322540283203125,0.7569929361343384,19.433265686035156,1.9020404815673828,0.08373986184597015,1.425204873085022,0.007645616307854652,1.9386482238769531,01375,wlasl_pkls_cropFalse_defult_shape/01375.pkl,afraid,train,20,25,1,-1
73,0.6712328791618347,0.6849315166473389,0.8214117288589478,0.03914232924580574,5.638385772705078,214.17816162109375,22.500446319580078,0.11662071943283081,1.4383535385131836,0.016674581915140152,3.324665069580078,03127,wlasl_pkls_cropFalse_defult_shape/03127.pkl,approve,train,5,25,1,-1
96,0.5729166865348816,1.0,0.7844769358634949,0.056266143918037415,3.868612289428711,270.2674865722656,15.72255802154541,0.12233962118625641,1.4322423934936523,0.009470171295106411,1.2047004699707031,04171,wlasl_pkls_cropFalse_defult_shape/04171.pkl,aunt,train,13,25,1,-1
29,1.0,1.0,0.9823358654975891,0.7298800945281982,0.6357273459434509,37.64305877685547,2.1115729808807373,-0.016856225207448006,0.8940833210945129,0.012449067085981369,9.325037956237793,03199,wlasl_pkls_cropFalse_defult_shape/03199.pkl,archery,val,9,25,3547,3623
37,0.27027028799057007,0.9459459781646729,0.7894087433815002,0.04552092403173447,7.843424320220947,181.6101531982422,26.17821502685547,0.1152864396572113,1.467194676399231,0.014139517210423946,2.5121326446533203,00584,wlasl_pkls_cropFalse_defult_shape/00584.pkl,accent,train,4,25,1,-1
60,1.0,1.0,0.774790346622467,0.05993109941482544,5.107361316680908,250.4537811279297,17.143625259399414,0.10140018910169601,1.3364681005477905,0.011269028298556805,1.0711822509765625,02237,wlasl_pkls_cropFalse_defult_shape/02237.pkl,always,train,16,25,1,-1
69,1.0,1.0,0.8174628019332886,0.0595274344086647,4.785064220428467,181.14007568359375,16.82831382751465,0.11089572310447693,1.3918700218200684,0.016851169988512993,2.2209930419921875,00903,wlasl_pkls_cropFalse_defult_shape/00903.pkl,actor,test,18,25,1,-1
27,1.0,1.0,0.9810897707939148,0.7523754835128784,0.35759487748146057,5.385164737701416,0.7584211230278015,0.0816739946603775,1.6246213912963867,0.010383572429418564,2.7626731395721436,03360,wlasl_pkls_cropFalse_defult_shape/03360.pkl,army,test,9,25,3823,3872
74,1.0,1.0,0.7946683764457703,0.028888516128063202,10.301843643188477,1220.1163330078125,39.73246383666992,0.12199138849973679,1.6815884113311768,0.015241287648677826,2.046236038208008,04134,wlasl_pkls_cropFalse_defult_shape/04134.pkl,audiologist,train,12,25,1,-1
70,0.8714285492897034,0.9285714626312256,0.8239734768867493,0.053008269518613815,3.9361777305603027,156.7718963623047,14.604127883911133,0.09610484540462494,1.4154154062271118,0.015246356837451458,1.731027603149414,03521,wlasl_pkls_cropFalse_defult_shape/03521.pkl,artist,test,44,25,1,-1
69,0.8550724983215332,1.0,0.7669119834899902,0.05880476161837578,4.345357894897461,202.2999267578125,20.00372886657715,0.08122721314430237,1.2997733354568481,0.007598471362143755,0.5899581909179688,02518,wlasl_pkls_cropFalse_defult_shape/02518.pkl,and,test,1,25,1,-1
50,1.0,1.0,0.8417646288871765,0.05408228188753128,5.834956169128418,171.56106567382812,19.29364776611328,0.08566515147686005,1.4302760362625122,0.020877890288829803,1.6270713806152344,00691,wlasl_pkls_cropFalse_defult_shape/00691.pkl,accountant,train,20,25,1,-1
67,0.43283581733703613,0.7164179086685181,0.7513728737831116,0.02937425673007965,6.56125020980835,178.27525329589844,24.14174461364746,0.12121672183275223,1.5072095394134521,0.011317252181470394,1.3635845184326172,02833,wlasl_pkls_cropFalse_defult_shape/02833.pkl,any,train,41,25,1,-1
31,1.0,1.0,0.9338096380233765,0.441033273935318,1.0256702899932861,30.066593170166016,2.4753944873809814,0.0951327532529831,1.3472377061843872,0.010568579658865929,0.43561887741088867,02715,wlasl_pkls_cropFalse_defult_shape/02715.pkl,answer,test,11,25,1,-1
54,0.9074074029922485,0.9629629850387573,0.7626721262931824,0.038982801139354706,5.346407890319824,167.4081268310547,18.996360778808594,0.1029403880238533,1.563602328300476,0.012515444308519363,1.2874946594238281,02974,wlasl_pkls_cropFalse_defult_shape/02974.pkl,appetite,train,25,25,1,-1
31,1.0,1.0,0.8757036924362183,0.05049003288149834,8.061171531677246,161.36351013183594,22.45379638671875,0.06897968798875809,1.3967335224151611,0.026486190035939217,4.07942008972168,02162,wlasl_pkls_cropFalse_defult_shape/02162.pkl,already,train,39,25,1,-1
36,1.0,1.0,0.954775869846344,0.566593587398529,1.9697684049606323,32.81085968017578,3.48415470123291,0.07608570158481598,1.4234379529953003,0.01707988604903221,0.8523235321044922,00378,wlasl_pkls_cropFalse_defult_shape/00378.pkl,able,train,20,25,1,-1
89,1.0,1.0,0.893883466720581,0.1111336499452591,1.8064237833023071,44.5340690612793,3.5228636264801025,0.09184420853853226,1.4892152547836304,0.013602565973997116,2.1857223510742188,04007,wlasl_pkls_cropFalse_defult_shape/04007.pkl,attend,train,41,25,1,-1
58,0.6551724076271057,0.6551724076271057,0.8182339668273926,0.040412046015262604,8.08471393585205,207.27203369140625,30.154407501220703,0.09210295975208282,1.4020236730575562,0.0145317567512393,2.192605972290039,01379,wlasl_pkls_cropFalse_defult_shape/01379.pkl,afraid,train,5,25,1,-1
38,0.0,1.0,0.8123865723609924,0.03331010043621063,1.6355106830596924,200.5936279296875,11.863044738769531,0.13825242221355438,1.5230544805526733,0.005599472671747208,0.3443140685558319,03005,wlasl_pkls_cropFalse_defult_shape/03005.pkl,apple,train,11,25,1,-1
83,0.9999999403953552,0.9999999403953552,0.841271162033081,0.05191880092024803,4.473300933837891,153.91421508789062,14.646638870239258,0.01640002243220806,1.3619086742401123,0.017784586176276207,1.3658332824707031,04292,wlasl_pkls_cropFalse_defult_shape/04292.pkl,autumn,val,13,25,1,-1
66,1.0,1.0,0.8999969363212585,0.15945252776145935,4.303099632263184,61.788787841796875,8.003946304321289,0.10245580226182938,1.5640276670455933,0.02231566049158573,1.952432632446289,03270,wlasl_pkls_cropFalse_defult_shape/03270.pkl,argue,train,38,25,1,-1
89,1.0,1.0,0.7932972311973572,0.045259930193424225,3.828583240509033,624.8040161132812,18.693279266357422,0.09554488211870193,1.5734463930130005,0.015872478485107422,2.8581295013427734,01157,wlasl_pkls_cropFalse_defult_shape/01157.pkl,adopt,train,13,25,1,-1
32,1.0,1.0,0.9784775376319885,0.6255286335945129,2.001466989517212,33.4916877746582,4.307788372039795,0.09381206333637238,1.447252631187439,0.01195142325013876,0.5326862335205078,00381,wlasl_pkls_cropFalse_defult_shape/00381.pkl,able,train,11,25,1,-1
64,1.0,1.0,0.8796291947364807,0.036396633833646774,5.814362525939941,397.62646484375,24.00771141052246,0.11719494313001633,1.7299940586090088,0.012746208347380161,2.7596206665039062,04122,wlasl_pkls_cropFalse_defult_shape/04122.pkl,audience,val,30,25,1,-1
50,1.0,1.0,0.8953135013580322,0.04606623575091362,5.632882118225098,163.83389282226562,20.247940063476562,0.10339722037315369,1.519422173500061,0.018226992338895798,1.3443470001220703,02567,wlasl_pkls_cropFalse_defult_shape/02567.pkl,angry,train,46,25,1,-1
88,0.7840909361839294,0.9659091234207153,0.7748711705207825,0.06857608258724213,3.1788341999053955,156.4816131591797,12.91251277923584,0.12370520830154419,1.3679174184799194,0.011733319610357285,0.984261155128479,04042,wlasl_pkls_cropFalse_defult_shape/04042.pkl,attitude,test,13,25,1,-1
92,1.0,1.0,0.8269065022468567,0.04287422448396683,3.8504157066345215,1632.72607421875,26.534805297851562,0.11722095310688019,1.6285637617111206,0.015969209372997284,1.3123397827148438,02478,wlasl_pkls_cropFalse_defult_shape/02478.pkl,analyze,train,13,25,1,-1
49,1.0,1.0,0.9106270670890808,0.043529924005270004,5.912686824798584,135.27288818359375,15.909638404846191,0.10561653226613998,1.7520332336425781,0.025956586003303528,3.5265369415283203,01227,wlasl_pkls_cropFalse_defult_shape/01227.pkl,advanced,train,4,25,1,-1
47,0.9999999403953552,0.9999999403953552,0.9832133650779724,0.7034385800361633,0.7400954365730286,10.1198091506958,1.2018976211547852,0.07317303121089935,1.506805419921875,0.009321355260908604,0.6833362579345703,02589,wlasl_pkls_cropFalse_defult_shape/02589.pkl,animal,train,11,25,1,-1
33,0.0,1.0,0.8226593732833862,0.07384151220321655,0.6070563793182373,14.607666015625,0.9606303572654724,0.10495792329311371,1.5356969833374023,0.0072318813763558865,0.4525279998779297,01729,wlasl_pkls_cropFalse_defult_shape/01729.pkl,airplane,val,11,25,1,-1
44,1.0,1.0,0.9114563465118408,0.49442970752716064,1.2612067461013794,20.32134437561035,2.2870419025421143,0.06398823857307434,1.520641565322876,0.013761424459517002,0.8005700707435608,01076,wlasl_pkls_cropFalse_defult_shape/01076.pkl,adjust,train,11,25,1,-1
104,0.9134615659713745,0.9326923489570618,0.836625874042511,0.04840312525629997,3.4143218994140625,158.8836212158203,14.179041862487793,0.08219541609287262,1.4388941526412964,0.014595209620893002,1.4141654968261719,00623,wlasl_pkls_cropFalse_defult_shape/00623.pkl,accident,train,26,25,1,-1
98,1.0,1.0,0.8344666361808777,0.043984342366456985,3.2771902084350586,169.47079467773438,13.911468505859375,0.11851921677589417,1.5505460500717163,0.018933897837996483,1.4777231216430664,04190,wlasl_pkls_cropFalse_defult_shape/04190.pkl,australia,train,13,25,1,-1
79,0.594936728477478,0.6329113841056824,0.8107860684394836,0.027850639075040817,5.374929428100586,193.898681640625,23.542198181152344,0.0888374075293541,1.5083541870117188,0.01230884063988924,1.1909465789794922,00951,wlasl_pkls_cropFalse_defult_shape/00951.pkl,adapt,train,41,25,1,-1
61,0.44262292981147766,0.6885245442390442,0.7648529410362244,0.045153483748435974,8.503886222839355,231.33795166015625,28.66289710998535,0.08964632451534271,1.380903720855713,0.01380761805921793,2.3268985748291016,02284,wlasl_pkls_cropFalse_defult_shape/02284.pkl,amazing,train,5,25,1,-1
29,1.0,1.0,0.8531215786933899,0.11716572940349579,1.0132430791854858,45.00197219848633,3.3211405277252197,0.12288057804107666,1.5544406175613403,0.01520249992609024,2.379018783569336,03599,wlasl_pkls_cropFalse_defult_shape/03599.pkl,ask,val,14,25,1,-1
60,0.98333340883255,1.0,0.9493523240089417,0.04018983989953995,3.328740358352661,194.24546813964844,15.60509204864502,0.10796361416578293,1.6207315921783447,0.01391164492815733,1.746755599975586,02716,wlasl_pkls_cropFalse_defult_shape/02716.pkl,answer,test,5,25,1,-1
30,1.0,1.0,0.8809196352958679,0.22033564746379852,1.3006510734558105,35.964393615722656,3.1126656532287598,0.07043641805648804,1.385425090789795,0.014774815179407597,1.3595905303955078,01323,wlasl_pkls_cropFalse_defult_shape/01323.pkl,affect,val,11,25,1,-1
37,1.0,1.0,0.877432107925415,0.04514170438051224,7.046621799468994,187.41213989257812,20.9698486328125,0.13723255693912506,1.323065996170044,0.01985303685069084,0.8580131530761719,01506,wlasl_pkls_cropFalse_defult_shape/01506.pkl,agenda,val,4,25,1,-1
96,0.5416666865348816,0.9375,0.7760455012321472,0.04951688274741173,3.5318081378936768,194.95640563964844,15.215285301208496,0.04397864639759064,1.3575308322906494,0.01378401555120945,1.4863231182098389,02175,wlasl_pkls_cropFalse_defult_shape/02175.pkl,also,val,13,25,1,-1
48,1.0,1.0,0.8066024780273438,0.052482154220342636,4.429630279541016,178.797119140625,15.784967422485352,0.09234430640935898,1.3614966869354248,0.01529396791011095,1.3740692138671875,01247,wlasl_pkls_cropFalse_defult_shape/01247.pkl,advantage,train,20,25,1,-1
48,0.8541666865348816,0.7916666865348816,0.90623939037323,0.15777677297592163,3.7379837036132812,46.48066329956055,6.977695465087891,0.0762186124920845,1.5879143476486206,0.02056741714477539,1.69775390625,04290,wlasl_pkls_cropFalse_defult_shape/04290.pkl,autumn,val,38,25,1,-1
47,0.3191489279270172,0.9574467539787292,0.8124674558639526,0.04522532969713211,5.508779525756836,225.69683837890625,22.44951057434082,0.07635213434696198,1.3712711334228516,0.014870548620820045,3.5520153045654297,01553,wlasl_pkls_cropFalse_defult_shape/01553.pkl,ago,val,4,25,1,-1
41,0.9999999403953552,0.9999999403953552,0.8109804391860962,0.05958534777164459,1.3984143733978271,122.07122802734375,7.7666916847229,0.12399464845657349,1.4884178638458252,0.010025253519415855,1.263753890991211,02871,wlasl_pkls_cropFalse_defult_shape/02871.pkl,apartment,train,9,25,3040,3086
92,0.9239130616188049,1.0,0.8170745372772217,0.04357472062110901,3.030151128768921,149.4634552001953,12.646553993225098,0.11763527989387512,1.4907948970794678,0.015008840709924698,1.97174072265625,02954,wlasl_pkls_cropFalse_defult_shape/02954.pkl,appear,train,13,25,1,-1
69,0.695652186870575,1.0,0.815246045589447,0.05843384563922882,6.0960774421691895,513.3640747070312,25.234111785888672,0.08661846816539764,1.3934135437011719,0.014007464982569218,1.0999183654785156,00832,wlasl_pkls_cropFalse_defult_shape/00832.pkl,across,val,2,25,1,-1
65,0.1230769231915474,0.6615384817123413,0.7306938171386719,0.03275622799992561,9.525862693786621,223.01959228515625,36.68332290649414,0.11283916234970093,1.37050199508667,0.01027288194745779,2.5861663818359375,04170,wlasl_pkls_cropFalse_defult_shape/04170.pkl,aunt,train,60,25,1,-1
24,1.0,1.0,0.9151325225830078,0.32685551047325134,1.3698756694793701,38.2451171875,3.597735643386841,0.08202524483203888,1.3878904581069946,0.012917609885334969,1.4314308166503906,00967,wlasl_pkls_cropFalse_defult_shape/00967.pkl,add,train,11,25,1,-1
84,0.190476194024086,0.6785714626312256,0.7455838918685913,0.04870569705963135,8.384712219238281,221.78704833984375,34.80535125732422,0.0940040647983551,1.3123350143432617,0.008785336278378963,2.118803024291992,02523,wlasl_pkls_cropFalse_defult_shape/02523.pkl,and,val,5,25,1,-1
43,1.0,1.0,0.9843745827674866,0.6817663311958313,0.9415952563285828,21.362987518310547,2.336967706680298,0.07612726092338562,1.6029376983642578,0.011100963689386845,2.234163284301758,02867,wlasl_pkls_cropFalse_defult_shape/02867.pkl,apart,val,10,25,1,-1
79,0.5569620132446289,0.6835443377494812,0.7889887690544128,0.03313300758600235,5.531893253326416,213.7059783935547,23.691919326782227,0.11319933831691742,1.5339356660842896,0.012583186849951744,1.6309871673583984,01479,wlasl_pkls_cropFalse_defult_shape/01479.pkl,against,train,12,25,1,-1
32,1.0,1.0,0.9659349918365479,0.6399463415145874,1.2716435194015503,17.129863739013672,2.2519571781158447,0.06965354084968567,1.4118061065673828,0.01362079381942749,0.7104125618934631,01877,wlasl_pkls_cropFalse_defult_shape/01877.pkl,algebra,train,14,25,1,-1
45,1.0,1.0,0.8970064520835876,0.042519863694906235,6.473693370819092,158.59689331054688,18.816129684448242,0.07418309897184372,1.5322834253311157,0.023710114881396294,1.9559650421142578,03377,wlasl_pkls_cropFalse_defult_shape/03377.pkl,around,train,31,25,1,-1
12,1.0,1.0,0.9451648592948914,0.6141937375068665,0.43660077452659607,6.520966529846191,0.7361229062080383,0.07618814706802368,1.5176820755004883,0.012069073505699635,2.140483856201172,00618,wlasl_pkls_cropFalse_defult_shape/00618.pkl,accident,train,9,25,374,400
46,1.0,1.0,0.9509811401367188,0.4079956114292145,0.9235938191413879,18.242538452148438,1.6086602210998535,0.13074973225593567,1.5272735357284546,0.013137351721525192,0.6611902713775635,02048,wlasl_pkls_cropFalse_defult_shape/02048.pkl,allow,test,10,25,1,-1
30,0.2666666805744171,1.0,0.7818941473960876,0.05422937870025635,11.019981384277344,960.5184326171875,36.65528106689453,0.10028589516878128,1.5596033334732056,0.019034937024116516,1.8829841613769531,02911,wlasl_pkls_cropFalse_defult_shape/02911.pkl,apostrophe,train,4,25,1,-1
41,0.9999999403953552,0.9999999403953552,0.9571669697761536,0.3415623903274536,2.496697187423706,31.920312881469727,4.195109844207764,0.07828044891357422,1.4887510538101196,0.0205984003841877,4.002643585205078,02613,wlasl_pkls_cropFalse_defult_shape/02613.pkl,anniversary,val,14,25,1,-1
49,1.0,1.0,0.8462173342704773,0.04104795679450035,8.915752410888672,184.3208770751953,28.091405868530273,0.09792188555002213,1.5665555000305176,0.02316930890083313,4.158483505249023,03455,wlasl_pkls_cropFalse_defult_shape/03455.pkl,arrogant,train,5,25,1,-1
30,1.0,1.0,0.9064691066741943,0.41328322887420654,1.8819007873535156,45.51348876953125,3.54141902923584,0.11237547546625137,1.4736380577087402,0.012432960793375969,0.8109931945800781,04193,wlasl_pkls_cropFalse_defult_shape/04193.pkl,australia,train,11,25,1,-1
103,0.0,0.4466019570827484,0.7062399387359619,0.04823160171508789,4.3770976066589355,173.49371337890625,16.35541534423828,0.09636187553405762,1.2962785959243774,0.007797751575708389,1.8361377716064453,01208,wlasl_pkls_cropFalse_defult_shape/01208.pkl,adult,train,0,25,1,-1
28,0.0,1.0,0.822496235370636,0.03771089017391205,1.2681198120117188,133.3080291748047,8.4850435256958,0.10630650073289871,1.3021184206008911,0.006008955650031567,0.4793548583984375,01490,wlasl_pkls_cropFalse_defult_shape/01490.pkl,age,val,11,25,1,-1
63,1.0,1.0,0.8975002765655518,0.09747694432735443,3.055342674255371,45.26481246948242,4.835184574127197,0.08833421021699905,1.4826067686080933,0.019565824419260025,4.684822082519531,01924,wlasl_pkls_cropFalse_defult_shape/01924.pkl,all day,train,46,25,1,-1
60,1.0,1.0,0.8174126148223877,0.03195568174123764,8.566137313842773,3992.783447265625,76.58001708984375,0.11488646268844604,1.5969035625457764,0.013959534466266632,1.5973396301269531,01427,wlasl_pkls_cropFalse_defult_shape/01427.pkl,after,train,30,25,1,-1
53,0.9622641801834106,1.0,0.7643234133720398,0.030427761375904083,6.607538223266602,219.1580047607422,28.58355140686035,0.1320146769285202,1.5486255884170532,0.015248805284500122,1.4426281452178955,00340,wlasl_pkls_cropFalse_defult_shape/00340.pkl,abdomen,train,16,25,1,-1
36,1.0,1.0,0.8862919807434082,0.04715774953365326,6.373624801635742,146.9138641357422,18.03917694091797,0.08235852420330048,1.588727593421936,0.026678310707211494,3.5938720703125,01012,wlasl_pkls_cropFalse_defult_shape/01012.pkl,address,train,4,25,1,-1
27,0.0,1.0,0.8340914845466614,0.1114165335893631,0.09761503338813782,4.951837062835693,0.3328632414340973,0.14656218886375427,1.3550430536270142,0.0007966425037011504,0.16416168212890625,01612,wlasl_pkls_cropFalse_defult_shape/01612.pkl,a,train,11,25,1,-1
55,0.9999999403953552,0.9999999403953552,0.9332270622253418,0.3494156002998352,0.90672367811203,15.29705810546875,1.8658274412155151,0.06421776860952377,1.42854642868042,0.011125972494482994,1.2715377807617188,03094,wlasl_pkls_cropFalse_defult_shape/03094.pkl,approach,train,20,25,1,-1
71,0.07042253017425537,0.6760563254356384,0.7466236352920532,0.04066035896539688,10.192248344421387,210.37351989746094,34.64509963989258,0.09169207513332367,1.3584835529327393,0.011997964233160019,2.663022994995117,01269,wlasl_pkls_cropFalse_defult_shape/01269.pkl,adverb,train,16,25,1,-1
87,0.8620689511299133,1.0,0.8040339946746826,0.052054598927497864,3.1769473552703857,165.9898223876953,13.364457130432129,0.09205079823732376,1.4247969388961792,0.01237629447132349,1.3335533142089844,02713,wlasl_pkls_cropFalse_defult_shape/02713.pkl,answer,train,13,25,1,-1
66,0.0,0.7424242496490479,0.758629322052002,0.021647952497005463,8.41220474243164,277.6468200683594,28.131067276000977,0.0999486967921257,1.4448721408843994,0.010807495564222336,0.9850063323974609,01398,wlasl_pkls_cropFalse_defult_shape/01398.pkl,africa,val,41,25,1,-1
89,0.932584285736084,1.0,0.8094080090522766,0.06615215539932251,3.275010824203491,147.29307556152344,13.168789863586426,0.08851638436317444,1.3883908987045288,0.014942827634513378,1.3164176940917969,01463,wlasl_pkls_cropFalse_defult_shape/01463.pkl,again,train,13,25,1,-1
80,0.699999988079071,0.887499988079071,0.8407217264175415,0.04832141101360321,3.485443592071533,160.990478515625,14.634403228759766,0.08835980296134949,1.4232831001281738,0.01842798851430416,1.3421573638916016,01073,wlasl_pkls_cropFalse_defult_shape/01073.pkl,adjust,test,29,25,1,-1
64,1.0,1.0,0.8864062428474426,0.18616929650306702,3.1618833541870117,68.0285873413086,6.585906982421875,0.1060570552945137,1.570237398147583,0.01822616346180439,1.1987934112548828,01987,wlasl_pkls_cropFalse_defult_shape/01987.pkl,all,train,38,25,1,-1
77,0.0,0.8181818127632141,0.7487074732780457,0.03439560905098915,7.219940662384033,641.7774047851562,27.936386108398438,0.13219664990901947,1.3782340288162231,0.009690365754067898,2.151418685913086,03320,wlasl_pkls_cropFalse_defult_shape/03320.pkl,arizona,train,49,25,1,-1
51,1.0,1.0,0.9836446642875671,0.5027350783348083,1.2944741249084473,29.96664810180664,3.2654714584350586,0.11454643309116364,1.664841890335083,0.010653925128281116,0.6683864593505859,01992,wlasl_pkls_cropFalse_defult_shape/01992.pkl,all,train,10,25,1,-1
55,0.7454545497894287,0.9999999403953552,0.8306297063827515,0.04105014726519585,6.589634418487549,205.03599548339844,22.678913116455078,0.09751152992248535,1.3386905193328857,0.015238904394209385,1.7198448181152344,03495,wlasl_pkls_cropFalse_defult_shape/03495.pkl,article,train,24,25,1,-1
27,0.8888888955116272,0.9629629850387573,0.8062742352485657,0.04331112653017044,7.721985816955566,183.38694763183594,24.907896041870117,0.04167105257511139,1.3306238651275635,0.017858462408185005,1.0107746124267578,01421,wlasl_pkls_cropFalse_defult_shape/01421.pkl,after,test,32,25,1,-1
34,1.0,1.0,0.9867085218429565,0.8334416747093201,0.5279570817947388,12.0,1.02229642868042,0.11972478032112122,1.5554975271224976,0.006545739714056253,0.24736595153808594,03124,wlasl_pkls_cropFalse_defult_shape/03124.pkl,approve,train,11,25,1,-1
84,0.5,1.0,0.7471075057983398,0.027991512790322304,5.23275089263916,2647.83251953125,45.37770462036133,0.10020830482244492,1.7111741304397583,0.009968467988073826,1.3432655334472656,03368,wlasl_pkls_cropFalse_defult_shape/03368.pkl,army,train,12,25,1,-1
45,0.06666667014360428,0.7333333492279053,0.8016852140426636,0.04973690211772919,3.642435073852539,202.06515502929688,15.501143455505371,0.13314449787139893,1.4783520698547363,0.013793235644698143,2.6716785430908203,01215,wlasl_pkls_cropFalse_defult_shape/01215.pkl,adult,test,5,25,1,-1
45,1.0,1.0,0.8788637518882751,0.04396050423383713,5.934645175933838,166.6096954345703,19.455543518066406,0.102637380361557,1.3670470714569092,0.021571967750787735,3.2460899353027344,04188,wlasl_pkls_cropFalse_defult_shape/04188.pkl,australia,train,6,25,1,-1
66,1.0,1.0,0.8022530674934387,0.03963987156748772,8.820042610168457,184.5144805908203,28.280073165893555,0.0991254597902298,1.6478749513626099,0.022467169910669327,4.395296096801758,03452,wlasl_pkls_cropFalse_defult_shape/03452.pkl,arrogant,train,20,25,1,-1
68,1.0,1.0,0.950209379196167,0.4019412398338318,1.776078224182129,42.17930603027344,4.523873329162598,0.09743470698595047,1.725318193435669,0.022387774661183357,6.241731643676758,02479,wlasl_pkls_cropFalse_defult_shape/02479.pkl,analyze,train,20,25,1,-1
58,1.0,1.0,0.9476824402809143,0.49078434705734253,1.2332438230514526,31.614110946655273,2.418558120727539,0.09633669257164001,1.4783291816711426,0.014014682732522488,1.441354751586914,03761,wlasl_pkls_cropFalse_defult_shape/03761.pkl,assistant,val,11,25,1,-1
41,0.9999999403953552,0.9999999403953552,0.9619675874710083,0.5306509733200073,0.825437068939209,27.56035041809082,1.877159595489502,0.15874840319156647,1.4271275997161865,0.009068332612514496,0.7416248321533203,01804,wlasl_pkls_cropFalse_defult_shape/01804.pkl,alarm,train,11,25,1,-1
34,1.0,1.0,0.80361008644104,0.11999982595443726,1.9425519704818726,41.59117889404297,4.218227863311768,0.0802355408668518,1.4877928495407104,0.01277222391217947,0.8177833557128906,02433,wlasl_pkls_cropFalse_defult_shape/02433.pkl,amputate,train,14,25,1,-1
84,0.02380952425301075,0.6190476417541504,0.7517300844192505,0.03198031336069107,3.6522064208984375,199.8700714111328,17.81669807434082,0.12753501534461975,1.4045662879943848,0.009466147050261497,0.8010406494140625,04169,wlasl_pkls_cropFalse_defult_shape/04169.pkl,aunt,train,36,25,1,-1
33,1.0,1.0,0.88667893409729,0.35180649161338806,0.9294013381004333,17.618741989135742,1.3985838890075684,0.09887240082025528,1.3531416654586792,0.009754474274814129,0.5593051910400391,01438,wlasl_pkls_cropFalse_defult_shape/01438.pkl,afternoon,test,11,25,1,-1
62,0.6774193048477173,0.7580645084381104,0.8304353356361389,0.03838034346699715,6.180420875549316,217.88644409179688,23.64794921875,0.12835057079792023,1.4122304916381836,0.018811993300914764,2.8212718963623047,01628,wlasl_pkls_cropFalse_defult_shape/01628.pkl,aid,train,5,25,1,-1
62,1.0,1.0,0.9326983094215393,0.4283284544944763,1.4662656784057617,29.281084060668945,2.695711135864258,0.12644314765930176,1.407029390335083,0.011980417184531689,0.6587011814117432,04221,wlasl_pkls_cropFalse_defult_shape/04221.pkl,author,train,11,25,1,-1
72,0.0,0.694444477558136,0.7526609897613525,0.04212437942624092,12.422070503234863,217.7930908203125,42.29472732543945,0.09007938206195831,1.3492989540100098,0.010737531818449497,1.3746566772460938,01394,wlasl_pkls_cropFalse_defult_shape/01394.pkl,africa,test,5,25,1,-1
35,0.9714285731315613,1.0,0.8044652342796326,0.046144936233758926,6.495322227478027,181.9519805908203,23.034154891967773,0.05579367280006409,1.433310866355896,0.014491482637822628,1.8560523986816406,01118,wlasl_pkls_cropFalse_defult_shape/01118.pkl,admit,train,4,25,1,-1
36,1.0,1.0,0.8321691751480103,0.09658364951610565,0.6277168989181519,6.324555397033691,0.8461378216743469,0.11750596016645432,1.7093573808670044,0.00828857347369194,0.7450027465820312,01214,wlasl_pkls_cropFalse_defult_shape/01214.pkl,adult,train,11,25,1,-1
83,0.9999999403953552,0.9999999403953552,0.8422181010246277,0.04604750871658325,3.8278167247772217,143.7749786376953,14.428282737731934,0.11288443952798843,1.5912333726882935,0.01983613334596157,2.5040969848632812,02163,wlasl_pkls_cropFalse_defult_shape/02163.pkl,already,train,13,25,1,-1
72,0.2777777910232544,0.9583333134651184,0.7011193633079529,0.02510346844792366,8.596122741699219,814.2109375,33.947296142578125,0.11738505214452744,1.5559194087982178,0.011257628910243511,1.9051437377929688,03805,wlasl_pkls_cropFalse_defult_shape/03805.pkl,assume,train,12,25,1,-1
48,1.0,1.0,0.9866440296173096,0.6707209944725037,1.5222595930099487,20.615528106689453,2.5305659770965576,0.13980722427368164,1.6917704343795776,0.013784906826913357,0.7637367248535156,04104,wlasl_pkls_cropFalse_defult_shape/04104.pkl,auction,val,11,25,1,-1
39,1.0,1.0,0.9757562875747681,0.6864564418792725,0.5802763104438782,35.05709457397461,2.0022475719451904,0.10745170712471008,1.5877546072006226,0.013533786870539188,4.877296447753906,02158,wlasl_pkls_cropFalse_defult_shape/02158.pkl,already,test,9,25,2009,2055
46,1.0,1.0,0.9378763437271118,0.3514837622642517,0.9687408804893494,29.905284881591797,3.027646064758301,0.08704447746276855,1.570128321647644,0.01074219960719347,1.291147232055664,01596,wlasl_pkls_cropFalse_defult_shape/01596.pkl,ahead,val,9,25,1419,1471
141,0.5319148898124695,0.9148935675621033,0.7644727230072021,0.04868999868631363,4.1647629737854,203.0189666748047,20.683788299560547,0.11429733037948608,1.3435673713684082,0.008040565066039562,0.8563766479492188,03118,wlasl_pkls_cropFalse_defult_shape/03118.pkl,approve,train,19,25,1,-1
103,0.0,0.4660194218158722,0.7347251772880554,0.03614271432161331,9.960287094116211,223.7948760986328,38.07787322998047,0.10349603742361069,1.3397153615951538,0.010322761721909046,1.399648666381836,01395,wlasl_pkls_cropFalse_defult_shape/01395.pkl,africa,train,5,25,1,-1
40,1.0,1.0,0.9810116291046143,0.356545627117157,0.9276654720306396,24.62238121032715,2.3305065631866455,0.09264092147350311,1.7662904262542725,0.014311105012893677,1.5756874084472656,00662,wlasl_pkls_cropFalse_defult_shape/00662.pkl,accomplish,train,9,25,401,453
58,1.0,1.0,0.7866898775100708,0.032199494540691376,5.807291030883789,165.92764282226562,20.91777801513672,0.10839124023914337,1.6615864038467407,0.012673940509557724,1.4564628601074219,03367,wlasl_pkls_cropFalse_defult_shape/03367.pkl,army,val,25,25,1,-1
42,1.0,1.0,0.9369428753852844,0.49731308221817017,1.4805819988250732,43.85612106323242,3.364875316619873,0.06079239398241043,1.5612679719924927,0.01619178242981434,2.335308074951172,03061,wlasl_pkls_cropFalse_defult_shape/03061.pkl,appointment,val,10,25,1,-1
58,0.051724135875701904,0.7241379022598267,0.7564939856529236,0.041404373943805695,8.804767608642578,210.25906372070312,31.198219299316406,0.09300953149795532,1.3355567455291748,0.012155426666140556,2.205343246459961,02879,wlasl_pkls_cropFalse_defult_shape/02879.pkl,apartment,test,16,25,1,-1
68,0.9558823704719543,1.0,0.8385162949562073,0.0320049449801445,5.208919048309326,461.33367919921875,19.633235931396484,0.10713161528110504,1.6471980810165405,0.01721864566206932,1.4747905731201172,03282,wlasl_pkls_cropFalse_defult_shape/03282.pkl,argue,train,12,25,1,-1
26,0.26923078298568726,1.0,0.8022854328155518,0.030485840514302254,4.558710098266602,173.55941772460938,13.664188385009766,0.1075688824057579,1.536342740058899,0.018352070823311806,1.8704643249511719,02269,wlasl_pkls_cropFalse_defult_shape/02269.pkl,amazing,train,28,25,3,-1
71,0.6338028311729431,0.8591549396514893,0.7842913866043091,0.039609555155038834,4.104494094848633,166.54046630859375,16.166475296020508,0.0605284720659256,1.342679738998413,0.018109222874045372,2.80539608001709,02586,wlasl_pkls_cropFalse_defult_shape/02586.pkl,animal,val,4,25,1,-1
43,0.0,1.0,0.8187270164489746,0.03957447409629822,7.859118938446045,192.6878662109375,30.35672950744629,0.10832925140857697,1.3534554243087769,0.009970061480998993,0.7765238285064697,01068,wlasl_pkls_cropFalse_defult_shape/01068.pkl,adjective,train,11,25,1,-1
30,0.9666666984558105,0.9333333969116211,0.8410458564758301,0.05327216163277626,7.23350715637207,182.6027374267578,22.4096622467041,0.050906144082546234,1.3460705280303955,0.0187994372099638,1.4832229614257812,00946,wlasl_pkls_cropFalse_defult_shape/00946.pkl,adapt,train,31,25,1,-1
102,0.6078431606292725,0.6176470518112183,0.8025971055030823,0.0540756955742836,2.9975085258483887,206.62498474121094,14.264666557312012,0.07864315062761307,1.3060312271118164,0.008166099898517132,1.2132282257080078,03756,wlasl_pkls_cropFalse_defult_shape/03756.pkl,assistant,test,0,25,1,-1
86,1.0,1.0,0.843430757522583,0.04968109726905823,3.7441141605377197,243.56007385253906,14.693771362304688,0.08769933134317398,1.5880379676818848,0.021454747766256332,8.879423141479492,03451,wlasl_pkls_cropFalse_defult_shape/03451.pkl,arrogant,val,13,25,1,-1
55,0.9999999403953552,0.9999999403953552,0.9712274074554443,0.4249742031097412,0.878757894039154,71.478271484375,3.6127877235412598,0.08525185286998749,1.3138651847839355,0.009345819242298603,0.4802144765853882,03422,wlasl_pkls_cropFalse_defult_shape/03422.pkl,arrest,train,20,25,1,-1
62,0.9677419066429138,1.0,0.7755062580108643,0.046863917261362076,7.406027793884277,209.21986389160156,24.94514274597168,0.09269151091575623,1.470418095588684,0.01780015602707863,3.2134952545166016,03244,wlasl_pkls_cropFalse_defult_shape/03244.pkl,area,train,5,25,1,-1
55,0.9999999403953552,0.9999999403953552,0.9424412250518799,0.4197443127632141,0.7456185817718506,35.25148391723633,2.4592864513397217,0.07750293612480164,1.2113689184188843,0.008632506243884563,0.4771398901939392,04204,wlasl_pkls_cropFalse_defult_shape/04204.pkl,austria,train,20,25,1,-1
43,1.0,1.0,0.8836709856987,0.04290575906634331,5.602329254150391,164.8240203857422,17.725093841552734,0.07500393688678741,1.3942360877990723,0.02194594405591488,2.041149139404297,01875,wlasl_pkls_cropFalse_defult_shape/01875.pkl,algebra,train,4,25,1,-1
55,0.9272726774215698,0.9999999403953552,0.8108481764793396,0.05420692265033722,2.0994455814361572,84.41708374023438,8.311638832092285,0.11616543680429459,1.442460536956787,0.009161924943327904,1.7003154754638672,04172,wlasl_pkls_cropFalse_defult_shape/04172.pkl,aunt,val,20,25,1,-1
38,1.0,1.0,0.904974639415741,0.2796589434146881,0.7528538107872009,53.17694091796875,2.6684117317199707,0.10523880273103714,1.4150429964065552,0.005060160532593727,2.0146408081054688,01477,wlasl_pkls_cropFalse_defult_shape/01477.pkl,against,val,11,25,1,-1
53,1.0,1.0,0.9673082828521729,0.4791681170463562,0.9038905501365662,44.26435089111328,2.806487798690796,0.11050821840763092,1.4329544305801392,0.011210013180971146,1.440999984741211,02714,wlasl_pkls_cropFalse_defult_shape/02714.pkl,answer,val,20,25,1,-1
85,0.6941176652908325,0.6941176652908325,0.8586154580116272,0.029700277373194695,4.669452667236328,191.69442749023438,20.951114654541016,0.09536636620759964,1.4976842403411865,0.01045822724699974,1.1825237274169922,00973,wlasl_pkls_cropFalse_defult_shape/00973.pkl,add,test,41,25,1,-1
85,0.729411780834198,0.5764706134796143,0.7896613478660583,0.04535520076751709,7.6313796043396,211.80078125,29.980173110961914,0.10004539787769318,1.3585638999938965,0.014897969551384449,1.9656562805175781,03494,wlasl_pkls_cropFalse_defult_shape/03494.pkl,article,train,5,25,1,-1
40,1.0,1.0,0.8343833088874817,0.04524386301636696,6.597652912139893,162.28204345703125,20.09403419494629,0.08651500195264816,1.4389830827713013,0.02322128228843212,2.094564437866211,02125,wlasl_pkls_cropFalse_defult_shape/02125.pkl,a lot,train,32,25,1,-1
106,0.801886796951294,0.990566074848175,0.8100634813308716,0.0437345989048481,3.203461170196533,151.87451171875,12.561851501464844,0.08992118388414383,1.3617192506790161,0.014022690244019032,1.5787677764892578,01436,wlasl_pkls_cropFalse_defult_shape/01436.pkl,afternoon,test,13,25,1,-1
35,1.0,1.0,0.9708638787269592,0.5146224498748779,1.6715312004089355,50.24205017089844,3.470804214477539,0.09222916513681412,1.4925938844680786,0.01591251976788044,2.0460586547851562,01645,wlasl_pkls_cropFalse_defult_shape/01645.pkl,aim,train,14,25,1,-1
87,0.517241358757019,0.540229856967926,0.7931723594665527,0.03035420924425125,4.301133632659912,191.18470764160156,20.436708450317383,0.090122289955616,1.5020238161087036,0.013736720196902752,1.265787124633789,01079,wlasl_pkls_cropFalse_defult_shape/01079.pkl,adjust,train,41,25,1,-1
75,0.46666666865348816,1.0,0.7478498220443726,0.05149611085653305,5.501978874206543,175.0609130859375,20.197158813476562,0.10866618901491165,1.3271856307983398,0.009751848876476288,0.9701271057128906,04168,wlasl_pkls_cropFalse_defult_shape/04168.pkl,aunt,train,2,25,1,-1
76,1.0,1.0,0.9136096835136414,0.37895530462265015,2.2927181720733643,41.07862091064453,5.168643951416016,0.105738066136837,1.6158682107925415,0.017409736290574074,1.0156173706054688,00834,wlasl_pkls_cropFalse_defult_shape/00834.pkl,across,val,38,25,1,-1
89,0.9213483333587646,1.0,0.7815169095993042,0.029539000242948532,6.37728214263916,789.59130859375,28.99860191345215,0.10130390524864197,1.5932114124298096,0.01396575290709734,2.2255210876464844,00639,wlasl_pkls_cropFalse_defult_shape/00639.pkl,accident,train,12,25,1,-1
52,1.0,1.0,0.8088647127151489,0.048075467348098755,3.1965785026550293,2246.49609375,44.77304458618164,0.14554159343242645,1.6000218391418457,0.010013525374233723,5.89845085144043,03311,wlasl_pkls_cropFalse_defult_shape/03311.pkl,arizona,test,9,25,3687,3759
71,0.5492957830429077,0.5492957830429077,0.7703524827957153,0.04328864812850952,4.203649044036865,175.47256469726562,18.263824462890625,0.07157564163208008,1.3163210153579712,0.010810289531946182,0.5223897695541382,01460,wlasl_pkls_cropFalse_defult_shape/01460.pkl,again,train,2,25,1,-1
79,0.6962025761604309,0.9367088675498962,0.7993001937866211,0.030328841879963875,6.1756463050842285,233.05606079101562,26.817716598510742,0.08611248433589935,1.5239015817642212,0.013903754763305187,1.4405574798583984,03063,wlasl_pkls_cropFalse_defult_shape/03063.pkl,appointment,train,12,25,1,-1
47,0.9999999403953552,0.9999999403953552,0.9701023101806641,0.6206434965133667,1.160358190536499,18.973665237426758,2.4660067558288574,0.08916399627923965,1.3978300094604492,0.01100917812436819,1.0485458374023438,02854,wlasl_pkls_cropFalse_defult_shape/02854.pkl,anyway,train,11,25,1,-1
58,1.0,1.0,0.7524181604385376,0.03876085206866264,7.380853652954102,174.7176513671875,23.22189712524414,0.13066112995147705,1.564257264137268,0.012522491626441479,0.9366436004638672,04140,wlasl_pkls_cropFalse_defult_shape/04140.pkl,audiology,train,25,25,1,-1
25,1.0,1.0,0.971088707447052,0.4086480438709259,1.799317479133606,25.60439682006836,2.724652051925659,0.04184671491384506,1.6402359008789062,0.02021416649222374,1.0948448181152344,03239,wlasl_pkls_cropFalse_defult_shape/03239.pkl,area,val,14,25,1,-1
50,0.7599999904632568,1.0,0.8556646108627319,0.0356258861720562,5.789466381072998,191.81227111816406,19.70332908630371,0.10650567710399628,1.5544904470443726,0.02013302780687809,2.0647048950195312,02547,wlasl_pkls_cropFalse_defult_shape/02547.pkl,angel,train,24,25,1,-1
65,0.5846154093742371,0.6307692527770996,0.813461184501648,0.02396553009748459,5.389573097229004,246.02490234375,22.16742706298828,0.09585855156183243,1.4967079162597656,0.012474571354687214,0.7857646942138672,01428,wlasl_pkls_cropFalse_defult_shape/01428.pkl,after,train,41,25,1,-1
53,1.0,1.0,0.8745549917221069,0.07563972473144531,2.389742612838745,43.21217727661133,5.089439392089844,0.10695867985486984,1.6012312173843384,0.021487196907401085,5.722248077392578,00870,wlasl_pkls_cropFalse_defult_shape/00870.pkl,active,train,20,25,1,-1
43,0.302325576543808,1.0,0.7384056448936462,0.05885406583547592,6.831483364105225,202.83688354492188,28.129308700561523,0.11113150417804718,1.402942419052124,0.010271519422531128,1.4035320281982422,01611,wlasl_pkls_cropFalse_defult_shape/01611.pkl,a,train,20,25,1,-1
97,0.8969072103500366,0.9999999403953552,0.7952221632003784,0.053123317658901215,3.1967132091522217,486.3563232421875,14.17133617401123,0.10080190002918243,1.4900639057159424,0.011909197084605694,1.5661048889160156,04013,wlasl_pkls_cropFalse_defult_shape/04013.pkl,attention,val,13,25,1,-1
14,1.0,1.0,0.9801359176635742,0.6298727989196777,1.6318625211715698,39.051246643066406,3.3010475635528564,0.13303589820861816,1.5434372425079346,0.01899721659719944,1.1899356842041016,03492,wlasl_pkls_cropFalse_defult_shape/03492.pkl,article,train,14,25,1,-1
80,0.987500011920929,1.0,0.8809804320335388,0.046514447778463364,3.7266557216644287,149.3272705078125,13.496967315673828,0.11312790960073471,1.4925730228424072,0.017466962337493896,1.6590194702148438,04000,wlasl_pkls_cropFalse_defult_shape/04000.pkl,attend,train,13,25,1,-1
31,1.0,1.0,0.9412038326263428,0.38953107595443726,1.2790743112564087,20.1939754486084,2.2021148204803467,0.08460142463445663,1.3132394552230835,0.014916633255779743,0.6424484252929688,04072,wlasl_pkls_cropFalse_defult_shape/04072.pkl,attract,train,11,25,1,-1
104,0.5769230723381042,0.6057692766189575,0.7851065397262573,0.049322739243507385,2.8668508529663086,167.20538330078125,12.920830726623535,0.11452467739582062,1.302196741104126,0.008836782537400723,0.8354587554931641,01831,wlasl_pkls_cropFalse_defult_shape/01831.pkl,alcohol,test,0,25,1,-1
56,1.0,1.0,0.8114750385284424,0.040101032704114914,4.903048038482666,210.30982971191406,17.793872833251953,0.1117357537150383,1.5797984600067139,0.01334955170750618,1.2094478607177734,01478,wlasl_pkls_cropFalse_defult_shape/01478.pkl,against,train,25,25,1,-1
77,0.8181818127632141,0.8961039185523987,0.8811998963356018,0.04566359519958496,4.67117166519165,200.22628784179688,19.186656951904297,0.08990712463855743,1.3549761772155762,0.016657721251249313,2.1700820922851562,01106,wlasl_pkls_cropFalse_defult_shape/01106.pkl,admire,train,24,25,1,-1
56,1.0,1.0,0.7662710547447205,0.05202885717153549,3.209153175354004,165.23580932617188,13.644450187683105,0.10258154571056366,1.3477953672409058,0.011905355378985405,1.3311800956726074,03595,wlasl_pkls_cropFalse_defult_shape/03595.pkl,ask,train,26,25,1,-1
87,0.6206896305084229,0.977011501789093,0.7872006297111511,0.03356074169278145,6.546144485473633,540.5344848632812,27.93659210205078,0.10676281154155731,1.5834933519363403,0.012579739093780518,1.8953704833984375,00435,wlasl_pkls_cropFalse_defult_shape/00435.pkl,above,train,12,25,1,-1
60,1.0,1.0,0.9878038763999939,0.69801926612854,0.5422815680503845,7.071067810058594,1.1878668069839478,0.13055270910263062,1.6697595119476318,0.00859591830521822,2.042787551879883,04097,wlasl_pkls_cropFalse_defult_shape/04097.pkl,auction,val,9,25,4604,4673
88,1.0,1.0,0.8292009234428406,0.047199465334415436,3.6923701763153076,168.84967041015625,15.086153984069824,0.08327773958444595,1.4572546482086182,0.013883949257433414,1.2965126037597656,02619,wlasl_pkls_cropFalse_defult_shape/02619.pkl,announce,val,2,25,1,-1
8,1.0,1.0,0.9613539576530457,0.4997416138648987,4.648115634918213,94.43402099609375,14.814667701721191,0.10466461628675461,1.4364476203918457,0.022337689995765686,1.3350067138671875,01921,wlasl_pkls_cropFalse_defult_shape/01921.pkl,all day,val,9,25,1729,1761
49,0.0,1.0,0.8262282609939575,0.04804997146129608,2.6998391151428223,144.6302490234375,11.776969909667969,0.09720951318740845,1.5562689304351807,0.012235663831233978,2.3027210235595703,02521,wlasl_pkls_cropFalse_defult_shape/02521.pkl,and,train,10,25,1,-1
67,0.8358208537101746,0.8358208537101746,0.8892087340354919,0.04592603072524071,5.567156791687012,206.78724670410156,22.566530227661133,0.09174653887748718,1.4355521202087402,0.01539125107228756,1.5636463165283203,02354,wlasl_pkls_cropFalse_defult_shape/02354.pkl,america,test,5,25,1,-1
65,0.6153846383094788,1.0,0.7654149532318115,0.033965691924095154,6.662398338317871,198.2003631591797,22.287790298461914,0.0874624103307724,1.2954329252243042,0.013106107711791992,1.5620765686035156,02180,wlasl_pkls_cropFalse_defult_shape/02180.pkl,also,train,24,25,1,-1
79,0.5696202516555786,0.5569620132446289,0.7892131805419922,0.024032259359955788,6.1024861335754395,752.3810424804688,26.984201431274414,0.10533218085765839,1.4715744256973267,0.012992586009204388,1.0386848449707031,01252,wlasl_pkls_cropFalse_defult_shape/01252.pkl,advantage,train,41,25,1,-1
33,1.0,1.0,0.9755719900131226,0.5853089094161987,0.9620992541313171,9.400693893432617,1.3374770879745483,0.09809718281030655,1.3393267393112183,0.010172583162784576,0.8659648895263672,04014,wlasl_pkls_cropFalse_defult_shape/04014.pkl,attention,train,14,25,1,-1
52,1.0,1.0,0.8872872591018677,0.047364164143800735,4.403266429901123,149.41229248046875,14.1218843460083,0.11356306821107864,1.7685590982437134,0.01845337077975273,3.476461410522461,01230,wlasl_pkls_cropFalse_defult_shape/01230.pkl,advanced,train,5,25,1,-1
108,0.009259259328246117,0.6388888955116272,0.7401344180107117,0.022291023284196854,7.6828179359436035,246.78929138183594,29.381839752197266,0.111046202480793,1.4569429159164429,0.008436848409473896,0.7075881958007812,02151,wlasl_pkls_cropFalse_defult_shape/02151.pkl,alphabet,train,41,25,1,-1
56,1.0,1.0,0.9365681409835815,0.20067444443702698,1.05509352684021,51.0,2.815934181213379,0.09969650954008102,1.4749658107757568,0.013467001728713512,1.3932991027832031,02047,wlasl_pkls_cropFalse_defult_shape/02047.pkl,allow,val,20,25,1,-1
58,1.0,1.0,0.8268271088600159,0.039801400154829025,6.473365783691406,194.8057098388672,24.122844696044922,0.10800328850746155,1.556146264076233,0.019228050485253334,2.649686813354492,01580,wlasl_pkls_cropFalse_defult_shape/01580.pkl,agree,train,5,25,1,-1
43,0.0,1.0,0.8381524085998535,0.12109297513961792,3.078824996948242,141.6311492919922,16.13699722290039,0.11496691405773163,1.335680365562439,0.005984442308545113,0.35477638244628906,02108,wlasl_pkls_cropFalse_defult_shape/02108.pkl,alone,val,11,25,1,-1
34,1.0,1.0,0.9361909031867981,0.1991274654865265,2.3565235137939453,38.03971481323242,4.6179304122924805,0.08152451366186142,1.5602036714553833,0.02374713122844696,12.058101654052734,01925,wlasl_pkls_cropFalse_defult_shape/01925.pkl,all day,val,20,25,1,-1
55,0.27272725105285645,0.9999999403953552,0.8142934441566467,0.04586649686098099,3.6179537773132324,145.3607940673828,16.184051513671875,0.0988919734954834,1.3138818740844727,0.00968148186802864,3.1554155349731445,02827,wlasl_pkls_cropFalse_defult_shape/02827.pkl,any,train,20,25,1,-1
98,0.8469387292861938,0.9387754797935486,0.746258020401001,0.013200579211115837,7.766323566436768,416.2021179199219,26.391544342041016,0.11221783608198166,1.4603830575942993,0.01156214252114296,1.5616779327392578,03571,wlasl_pkls_cropFalse_defult_shape/03571.pkl,asia,train,41,25,1,-1
46,0.760869562625885,0.739130437374115,0.8535330295562744,0.044285498559474945,5.955880641937256,169.0632781982422,23.50053596496582,0.10472097247838974,1.5145622491836548,0.012610585428774357,1.4748516082763672,00601,wlasl_pkls_cropFalse_defult_shape/00601.pkl,accept,test,5,25,1,-1
35,1.0,1.0,0.9014083743095398,0.0653882771730423,5.155473709106445,152.93150329589844,12.800786972045898,0.07112808525562286,1.4910379648208618,0.028804585337638855,3.8301563262939453,00846,wlasl_pkls_cropFalse_defult_shape/00846.pkl,act,val,39,25,1,-1
63,0.0,0.682539701461792,0.7527542114257812,0.04521670192480087,11.983457565307617,214.28616333007812,38.261722564697266,0.1338942050933838,1.3831279277801514,0.010599561966955662,1.2381057739257812,04046,wlasl_pkls_cropFalse_defult_shape/04046.pkl,attitude,train,5,25,1,-1
73,0.4931506812572479,1.0,0.7463286519050598,0.03518092632293701,8.38772201538086,201.16384887695312,28.10159683227539,0.07730396836996078,1.3287779092788696,0.013685820624232292,2.1935977935791016,04231,wlasl_pkls_cropFalse_defult_shape/04231.pkl,authority,train,24,25,1,-1
83,0.867469847202301,0.9759035706520081,0.8252787590026855,0.03479953855276108,6.87628698348999,214.0206756591797,25.597536087036133,0.06901636719703674,1.4672317504882812,0.02058004029095173,3.2470340728759766,00635,wlasl_pkls_cropFalse_defult_shape/00635.pkl,accident,test,5,25,1,-1
71,0.9577464461326599,1.0,0.7219399809837341,0.026108069345355034,4.908271789550781,467.7123107910156,21.067691802978516,0.15110619366168976,1.703894853591919,0.010252634063363075,1.190420150756836,01615,wlasl_pkls_cropFalse_defult_shape/01615.pkl,a,train,12,25,1,-1
56,0.1607142984867096,0.8928571939468384,0.745769202709198,0.04643059894442558,9.463404655456543,204.0565185546875,28.352577209472656,0.11575032770633698,1.394437551498413,0.01575261913239956,3.0115318298339844,01396,wlasl_pkls_cropFalse_defult_shape/01396.pkl,africa,train,16,25,1,-1
32,1.0,1.0,0.9676069617271423,0.4839833974838257,0.7852310538291931,30.08321762084961,2.448835849761963,0.09776966273784637,1.5787444114685059,0.012628470547497272,2.2122135162353516,01149,wlasl_pkls_cropFalse_defult_shape/01149.pkl,adopt,train,9,25,740,782
68,0.1617647111415863,0.7205882668495178,0.7687350511550903,0.029773760586977005,6.038082599639893,446.5914611816406,28.220975875854492,0.08079683035612106,1.3783764839172363,0.011438963934779167,1.7896881103515625,01124,wlasl_pkls_cropFalse_defult_shape/01124.pkl,admit,val,5,25,1,-1
57,0.7017543911933899,1.0,0.749667227268219,0.060005441308021545,8.885746002197266,215.2699432373047,32.018741607666016,0.0779883861541748,1.3366981744766235,0.014749597758054733,3.515542984008789,01644,wlasl_pkls_cropFalse_defult_shape/01644.pkl,aim,val,20,25,1,-1
68,1.0,1.0,0.9179456233978271,0.37381935119628906,2.4460771083831787,37.02061080932617,4.401820182800293,0.09407765418291092,1.4321414232254028,0.019169505685567856,3.2972030639648438,00693,wlasl_pkls_cropFalse_defult_shape/00693.pkl,accountant,train,18,25,1,-1
68,0.7205882668495178,0.8382353186607361,0.8301135301589966,0.0419069267809391,5.551685333251953,207.54930114746094,22.40311622619629,0.07556508481502533,1.3514305353164673,0.016420360654592514,1.7686424255371094,00950,wlasl_pkls_cropFalse_defult_shape/00950.pkl,adapt,train,24,25,1,-1
67,1.0,1.0,0.7725284695625305,0.04976074397563934,4.597503662109375,189.90072631835938,17.51470375061035,0.12068550288677216,1.307809829711914,0.01176330167800188,0.7709236145019531,01802,wlasl_pkls_cropFalse_defult_shape/01802.pkl,alarm,val,15,25,1,-1
82,0.5487804412841797,0.5731707215309143,0.7759479880332947,0.03966306895017624,7.219930648803711,224.0641632080078,29.851594924926758,0.12489614635705948,1.3738784790039062,0.012141228653490543,2.9063892364501953,03126,wlasl_pkls_cropFalse_defult_shape/03126.pkl,approve,val,5,25,1,-1
75,0.6266666650772095,0.6800000071525574,0.828546941280365,0.029872912913560867,2.642051935195923,171.55874633789062,6.460941791534424,0.08494042605161667,1.4387340545654297,0.015731878578662872,1.9983196258544922,01434,wlasl_pkls_cropFalse_defult_shape/01434.pkl,afternoon,train,36,25,1,-1
29,1.0,1.0,0.8932098746299744,0.04347551241517067,6.551306247711182,142.36270141601562,20.585834503173828,0.10346249490976334,1.623469352722168,0.02365701273083687,3.1884994506835938,00593,wlasl_pkls_cropFalse_defult_shape/00593.pkl,accept,train,4,25,1,-1
48,1.0,1.0,0.9810711741447449,0.6624451279640198,1.0775922536849976,24.0,2.6031181812286377,0.10781758278608322,1.7019869089126587,0.01351754181087017,2.2625350952148438,00897,wlasl_pkls_cropFalse_defult_shape/00897.pkl,actor,train,9,25,611,673
86,1.0,1.0,0.8080118298530579,0.056914154440164566,3.7036495208740234,250.48023986816406,13.89786434173584,0.06603064388036728,1.4268218278884888,0.015182645991444588,1.5037306547164917,01957,wlasl_pkls_cropFalse_defult_shape/01957.pkl,allergy,train,13,25,1,-1
52,0.17307692766189575,0.884615421295166,0.7063325643539429,0.03837278485298157,6.105525970458984,201.0919189453125,24.348003387451172,0.11553873866796494,1.4411243200302124,0.01023938599973917,0.9872798919677734,01614,wlasl_pkls_cropFalse_defult_shape/01614.pkl,a,train,30,25,1,-1
54,1.0,1.0,0.781686007976532,0.0294893067330122,10.225763320922852,4599.92041015625,90.43814849853516,0.12335934489965439,1.5198265314102173,0.015683485195040703,1.6808414459228516,03155,wlasl_pkls_cropFalse_defult_shape/03155.pkl,april,train,46,25,1,-1
48,0.0,1.0,0.8304682970046997,0.06916974484920502,1.2956523895263672,20.154142379760742,2.310974597930908,0.12414812296628952,1.3550868034362793,0.007747656665742397,0.6522006988525391,03318,wlasl_pkls_cropFalse_defult_shape/03318.pkl,arizona,train,11,25,1,-1
55,0.9999999403953552,0.9999999403953552,0.9410238862037659,0.2360561043024063,1.124694585800171,50.31752014160156,3.63574481010437,0.06333034485578537,1.3810210227966309,0.01097498182207346,1.2983570098876953,03440,wlasl_pkls_cropFalse_defult_shape/03440.pkl,arrive,train,20,25,1,-1
23,1.0,1.0,0.9290899634361267,0.4688906669616699,0.8985366821289062,23.035564422607422,1.4847540855407715,0.11186613142490387,1.5611180067062378,0.011403252370655537,0.9313949942588806,01728,wlasl_pkls_cropFalse_defult_shape/01728.pkl,airplane,train,14,25,1,-1
38,1.0,1.0,0.8601126670837402,0.06862738728523254,6.395097255706787,205.65721130371094,18.650588989257812,0.08349829167127609,1.353593349456787,0.024414213374257088,1.027750015258789,01507,wlasl_pkls_cropFalse_defult_shape/01507.pkl,agenda,train,4,25,1,-1
48,0.0,1.0,0.8178132772445679,0.034762781113386154,8.715995788574219,10905.015625,219.5219268798828,0.12447252124547958,1.3051173686981201,0.0076382639817893505,0.6105085611343384,04159,wlasl_pkls_cropFalse_defult_shape/04159.pkl,august,train,11,25,1,-1
59,0.7457627058029175,0.7457627058029175,0.8657001852989197,0.0808059498667717,3.0646324157714844,55.10898208618164,7.576562881469727,0.14094281196594238,1.4050958156585693,0.016302721574902534,1.4097442626953125,01513,wlasl_pkls_cropFalse_defult_shape/01513.pkl,agenda,test,5,25,1,-1
31,1.0,1.0,0.9366215467453003,0.495297908782959,1.6269958019256592,36.28926467895508,2.931363105773926,0.13226474821567535,1.5593528747558594,0.014266377314925194,0.9878730773925781,02955,wlasl_pkls_cropFalse_defult_shape/02955.pkl,appear,train,20,25,1,-1
20,1.0,1.0,0.821072518825531,0.21674904227256775,0.9632843732833862,28.975311279296875,2.9711413383483887,0.14279893040657043,1.5893663167953491,0.00932013988494873,2.2390575408935547,03117,wlasl_pkls_cropFalse_defult_shape/03117.pkl,approve,train,9,25,3427,3466
54,1.0,1.0,0.9053419232368469,0.2490447461605072,1.091835856437683,124.26416778564453,4.255128383636475,0.1002727597951889,1.6251484155654907,0.009804653003811836,1.1280345916748047,01423,wlasl_pkls_cropFalse_defult_shape/01423.pkl,after,train,20,25,1,-1
12,1.0,1.0,0.9498739838600159,0.451348215341568,1.5442208051681519,32.50660705566406,4.566080570220947,0.09918704628944397,1.5966086387634277,0.01463405229151249,0.48243141174316406,02089,wlasl_pkls_cropFalse_defult_shape/02089.pkl,almost,train,9,25,1802,1838
91,0.8461538553237915,1.0,0.838272750377655,0.0585116446018219,2.7626755237579346,143.2719268798828,9.330483436584473,0.08176285773515701,1.4504486322402954,0.01871994137763977,2.305767059326172,00891,wlasl_pkls_cropFalse_defult_shape/00891.pkl,activity,train,13,25,1,-1
70,0.1428571492433548,0.7714285850524902,0.747491717338562,0.04337157681584358,7.25904655456543,208.29832458496094,30.554841995239258,0.1207924634218216,1.377388834953308,0.00853540375828743,1.6743659973144531,01613,wlasl_pkls_cropFalse_defult_shape/01613.pkl,a,val,5,25,1,-1
67,0.7313432693481445,0.746268630027771,0.8452016115188599,0.0315711684525013,4.069591999053955,184.18885803222656,18.44144058227539,0.07468350976705551,1.382439374923706,0.014732131734490395,0.6094033122062683,02174,wlasl_pkls_cropFalse_defult_shape/02174.pkl,also,test,8,25,1,-1
98,1.0,1.0,0.8757616877555847,0.05150311440229416,2.5953991413116455,125.25813293457031,10.644201278686523,0.09566532075405121,1.6233494281768799,0.016607822850346565,3.0739078521728516,02620,wlasl_pkls_cropFalse_defult_shape/02620.pkl,announce,train,13,25,1,-1
22,1.0,1.0,0.8909800052642822,0.04482831805944443,6.729077339172363,143.63221740722656,17.133235931396484,0.07260046154260635,1.4976886510849,0.027754858136177063,3.9137039184570312,03417,wlasl_pkls_cropFalse_defult_shape/03417.pkl,arrest,train,4,25,1,-1
63,1.0,1.0,0.7986077666282654,0.04772282391786575,1.5980945825576782,134.33863830566406,10.548556327819824,0.1304573118686676,1.4891608953475952,0.007964430376887321,0.8097248077392578,03625,wlasl_pkls_cropFalse_defult_shape/03625.pkl,asl,train,9,25,4113,4185
73,0.12328767031431198,0.7534246444702148,0.7349493503570557,0.053907688707113266,8.18885612487793,204.01023864746094,28.691661834716797,0.10090270638465881,1.3602665662765503,0.014119082130491734,2.768238067626953,01069,wlasl_pkls_cropFalse_defult_shape/01069.pkl,adjective,train,30,25,1,-1
80,1.0,1.0,0.8616892695426941,0.026283973827958107,4.6301350593566895,204.15359497070312,17.62306785583496,0.11935807764530182,1.679412841796875,0.015655219554901123,1.3785667419433594,02492,wlasl_pkls_cropFalse_defult_shape/02492.pkl,anatomy,train,12,25,1,-1
67,0.6567164063453674,0.9104477167129517,0.7820988297462463,0.028966568410396576,7.635006904602051,11929.2998046875,202.08705139160156,0.11482612043619156,1.5733283758163452,0.014568744227290154,1.3647747039794922,02961,wlasl_pkls_cropFalse_defult_shape/02961.pkl,appear,test,12,25,1,-1
88,0.8977273106575012,1.0,0.8090614080429077,0.05626402050256729,3.7885568141937256,158.22093200683594,17.402097702026367,0.07392417639493942,1.3691684007644653,0.009663351811468601,2.7488670349121094,03119,wlasl_pkls_cropFalse_defult_shape/03119.pkl,approve,train,26,25,1,-1
62,0.8064515590667725,1.0,0.726189374923706,0.025052256882190704,9.308816909790039,216.62965393066406,32.83134841918945,0.10261353105306625,1.5958024263381958,0.011781088076531887,1.6423606872558594,02525,wlasl_pkls_cropFalse_defult_shape/02525.pkl,and,train,12,25,1,-1
68,0.5,1.0,0.7476903200149536,0.03592969849705696,7.568326950073242,209.54913330078125,30.464813232421875,0.11288963258266449,1.4269083738327026,0.01251392625272274,1.226755142211914,02829,wlasl_pkls_cropFalse_defult_shape/02829.pkl,any,train,5,25,1,-1
57,1.0,1.0,0.8129995465278625,0.03910190612077713,2.3705928325653076,177.92041015625,14.16811466217041,0.11304540187120438,1.5027152299880981,0.011319862678647041,1.9127521514892578,01062,wlasl_pkls_cropFalse_defult_shape/01062.pkl,adjective,test,9,25,674,739
131,0.08396946638822556,0.6641221642494202,0.7561320662498474,0.05724990367889404,2.9168543815612793,169.99093627929688,12.434694290161133,0.08706562966108322,1.2634888887405396,0.006356894038617611,0.5771331787109375,02970,wlasl_pkls_cropFalse_defult_shape/02970.pkl,appetite,train,0,25,1,-1
48,1.0,1.0,0.9725892543792725,0.4098474383354187,1.5184929370880127,31.293426513671875,2.7039384841918945,0.12830215692520142,1.7830513715744019,0.01935206539928913,2.384014129638672,03203,wlasl_pkls_cropFalse_defult_shape/03203.pkl,archery,train,14,25,1,-1
98,1.0,1.0,0.8991068601608276,0.04369574785232544,3.4163928031921387,171.26016235351562,12.249113082885742,0.08407549560070038,1.6437842845916748,0.01660161279141903,2.0626792907714844,02611,wlasl_pkls_cropFalse_defult_shape/02611.pkl,anniversary,train,13,25,1,-1
92,0.6304348111152649,0.6739130616188049,0.7899821400642395,0.0265941359102726,5.0100860595703125,193.77059936523438,20.333240509033203,0.09398161619901657,1.4889899492263794,0.012793493457138538,1.0071277618408203,02014,wlasl_pkls_cropFalse_defult_shape/02014.pkl,alligator,train,41,25,1,-1
94,0.9999999403953552,0.9999999403953552,0.8043776154518127,0.044569287449121475,3.197014808654785,152.79881286621094,14.550414085388184,0.0614686980843544,1.4038102626800537,0.012467216700315475,2.434833526611328,01473,wlasl_pkls_cropFalse_defult_shape/01473.pkl,against,train,2,25,1,-1
92,0.6630434989929199,0.804347813129425,0.799153208732605,0.04743948578834534,3.3135879039764404,201.9721221923828,14.976753234863281,0.07997696101665497,1.3844802379608154,0.012708159163594246,1.2809467315673828,02093,wlasl_pkls_cropFalse_defult_shape/02093.pkl,almost,train,13,25,1,-1
69,0.8840579986572266,1.0,0.8734065890312195,0.04569748789072037,4.954500675201416,160.89707946777344,16.672700881958008,0.0946090817451477,1.566895842552185,0.018928108736872673,1.730966567993164,01585,wlasl_pkls_cropFalse_defult_shape/01585.pkl,agreement,train,13,25,1,-1
53,1.0,1.0,0.9438316822052002,0.16984054446220398,2.035736560821533,58.256710052490234,5.367337226867676,0.1422545462846756,1.830538272857666,0.01416600588709116,1.3103179931640625,04103,wlasl_pkls_cropFalse_defult_shape/04103.pkl,auction,train,20,25,1,-1
45,0.0,0.5777778029441833,0.7591598629951477,0.06715615093708038,4.165196418762207,219.8744354248047,11.435419082641602,0.11551773548126221,1.4163179397583008,0.01574549451470375,2.20257568359375,01491,wlasl_pkls_cropFalse_defult_shape/01491.pkl,age,train,5,25,1,-1
58,1.0,1.0,0.9848503470420837,0.7379992008209229,1.1089516878128052,13.03840446472168,1.7970943450927734,0.1161966547369957,1.8862749338150024,0.011951216496527195,1.6677894592285156,01229,wlasl_pkls_cropFalse_defult_shape/01229.pkl,advanced,train,10,25,1,-1
50,0.05999999865889549,0.8799999952316284,0.7364016175270081,0.04521354287862778,14.980082511901855,1494.8690185546875,50.60414123535156,0.1117042601108551,1.3530582189559937,0.012742416001856327,2.628427505493164,01494,wlasl_pkls_cropFalse_defult_shape/01494.pkl,age,train,30,25,1,-1
63,0.1587301641702652,0.5714285969734192,0.7137026786804199,0.03560059517621994,6.682972431182861,211.02993774414062,24.95318031311035,0.12854379415512085,1.5685254335403442,0.011677686125040054,1.4436149597167969,01495,wlasl_pkls_cropFalse_defult_shape/01495.pkl,age,train,12,25,1,-1
35,1.0,1.0,0.9524872899055481,0.5760421752929688,0.8676072359085083,16.6433162689209,2.182274341583252,0.11678091436624527,1.6933362483978271,0.013832375407218933,1.9239616394042969,03053,wlasl_pkls_cropFalse_defult_shape/03053.pkl,appointment,val,9,25,3234,3276
37,1.0,1.0,0.8002182841300964,0.05034530162811279,7.307864665985107,179.57391357421875,25.24775505065918,0.10692068189382553,1.3734036684036255,0.014026802964508533,1.4177398681640625,02275,wlasl_pkls_cropFalse_defult_shape/02275.pkl,amazing,train,14,25,1,-1
57,0.7543859481811523,0.7719298601150513,0.8307241797447205,0.0419776476919651,7.306551456451416,206.39059448242188,24.36540985107422,0.13590222597122192,1.384232997894287,0.01790616475045681,2.7193450927734375,01805,wlasl_pkls_cropFalse_defult_shape/01805.pkl,alarm,test,5,25,1,-1
63,0.5873016119003296,0.8412699103355408,0.7977215647697449,0.03455335646867752,6.910637378692627,268.47930908203125,28.897945404052734,0.08974196761846542,1.5617650747299194,0.012042786926031113,1.8889789581298828,01605,wlasl_pkls_cropFalse_defult_shape/01605.pkl,ahead,train,12,25,1,-1
53,0.7547169923782349,1.0,0.8053273558616638,0.046425867825746536,2.588961124420166,273.1356201171875,10.461556434631348,0.12730006873607635,1.5914239883422852,0.009064113721251488,1.374420166015625,04138,wlasl_pkls_cropFalse_defult_shape/04138.pkl,audiology,train,20,25,1,-1
74,1.0,1.0,0.9755492210388184,0.6144284605979919,1.9054667949676514,20.099750518798828,3.0374159812927246,0.08035222440958023,1.477535367012024,0.012849753722548485,1.4809017181396484,00849,wlasl_pkls_cropFalse_defult_shape/00849.pkl,act,train,11,25,1,-1
31,1.0,1.0,0.8636695742607117,0.255405455827713,4.723771095275879,45.726436614990234,7.703986167907715,0.09906843304634094,1.4513611793518066,0.023142050951719284,3.22369384765625,02011,wlasl_pkls_cropFalse_defult_shape/02011.pkl,alligator,train,20,25,1,-1
46,1.0,1.0,0.93861323595047,0.334801584482193,0.5933003425598145,17.082258224487305,1.648229718208313,0.12814448773860931,1.5368084907531738,0.011096238158643246,2.4142704010009766,03469,wlasl_pkls_cropFalse_defult_shape/03469.pkl,art,train,9,25,3920,3972
40,1.0,1.0,0.9034390449523926,0.04242847114801407,4.526256084442139,171.8809051513672,14.557992935180664,0.09450171142816544,1.417335867881775,0.020934933796525,3.434946060180664,03092,wlasl_pkls_cropFalse_defult_shape/03092.pkl,approach,train,4,25,1,-1
43,1.0,1.0,0.880891740322113,0.3296095132827759,1.5449764728546143,36.88178634643555,3.2243261337280273,0.15453200042247772,1.4809656143188477,0.012795655988156796,0.8935707807540894,01626,wlasl_pkls_cropFalse_defult_shape/01626.pkl,aid,train,10,25,1,-1
60,0.7500000596046448,0.8000000715255737,0.8403885364532471,0.04583326727151871,6.72784423828125,207.30433654785156,26.308931350708008,0.08546599745750427,1.4538886547088623,0.01772167533636093,1.904458999633789,02179,wlasl_pkls_cropFalse_defult_shape/02179.pkl,also,train,5,25,1,-1
48,1.0,1.0,0.9135153889656067,0.0398145355284214,4.831068992614746,163.7796173095703,17.406213760375977,0.08794775605201721,1.4989608526229858,0.021833622828125954,2.3861160278320312,02560,wlasl_pkls_cropFalse_defult_shape/02560.pkl,angle,train,4,25,1,-1
68,0.5,1.0,0.7476903200149536,0.03592969849705696,7.568326950073242,209.54913330078125,30.464813232421875,0.11287222802639008,1.4269142150878906,0.012510324828326702,1.2267398834228516,02830,wlasl_pkls_cropFalse_defult_shape/02830.pkl,any,val,5,25,1,-1
26,1.0,1.0,0.9444151520729065,0.33468198776245117,2.2637932300567627,46.048770904541016,4.301928520202637,0.10860509425401688,1.6448100805282593,0.021576212719082832,1.3944549560546875,04117,wlasl_pkls_cropFalse_defult_shape/04117.pkl,audience,train,14,25,1,-1
41,0.9999999403953552,0.9999999403953552,0.9505916833877563,0.4661940336227417,0.9668450355529785,21.62042808532715,2.3185741901397705,0.11206416040658951,1.515032172203064,0.018155276775360107,4.465246200561523,04216,wlasl_pkls_cropFalse_defult_shape/04216.pkl,author,test,9,25,5068,5134
93,0.698924720287323,0.9892473220825195,0.779507577419281,0.051717065274715424,3.5720882415771484,211.8795928955078,14.975984573364258,0.10075750946998596,1.315712332725525,0.01105020847171545,0.9265041351318359,03122,wlasl_pkls_cropFalse_defult_shape/03122.pkl,approve,train,13,25,1,-1
58,0.0,0.7586206793785095,0.7528667449951172,0.035116467624902725,8.718177795410156,209.4129638671875,32.640560150146484,0.11771353334188461,1.3651491403579712,0.011487629264593124,1.925485610961914,03640,wlasl_pkls_cropFalse_defult_shape/03640.pkl,asl,test,5,25,1,-1
60,0.6666666865348816,0.7000000476837158,0.7523878216743469,0.029554206877946854,11.606501579284668,211.30674743652344,39.064273834228516,0.12744592130184174,1.4831440448760986,0.011511099524796009,3.3886795043945312,01997,wlasl_pkls_cropFalse_defult_shape/01997.pkl,all,val,5,25,1,-1
4,1.0,1.0,0.9688882231712341,0.04785103350877762,3.744770050048828,41.62931823730469,8.214309692382812,0.08670133352279663,1.4628275632858276,0.04828358069062233,6.796079635620117,03089,wlasl_pkls_cropFalse_defult_shape/03089.pkl,approach,test,9,25,3330,3376
41,0.9999999403953552,0.9999999403953552,0.9733923673629761,0.5878003239631653,0.6275890469551086,23.021728515625,1.9940705299377441,0.09562553465366364,1.5841176509857178,0.013008328154683113,1.5424461364746094,04225,wlasl_pkls_cropFalse_defult_shape/04225.pkl,authority,val,9,25,5135,5181
114,0.12280701845884323,0.6315789222717285,0.680813193321228,0.053778015077114105,2.940455913543701,198.4666748046875,13.322802543640137,0.09895288199186325,1.3549044132232666,0.006366118788719177,0.6102504730224609,02910,wlasl_pkls_cropFalse_defult_shape/02910.pkl,apostrophe,test,35,25,1,-1
80,0.5250000357627869,0.737500011920929,0.7528536319732666,0.041986964643001556,3.587714910507202,173.89566040039062,14.622827529907227,0.08664365857839584,1.3861641883850098,0.010846918448805809,1.8540019989013672,04301,wlasl_pkls_cropFalse_defult_shape/04301.pkl,available,val,35,25,1,-1
48,1.0,1.0,0.9759257435798645,0.47559985518455505,2.7339296340942383,40.224369049072266,5.222320556640625,0.09215793013572693,1.5945669412612915,0.015617729164659977,0.6859440803527832,03278,wlasl_pkls_cropFalse_defult_shape/03278.pkl,argue,test,10,25,1,-1
26,1.0,1.0,0.9768108129501343,0.556376039981842,0.6115857362747192,16.124515533447266,1.3020679950714111,0.0867948830127716,1.4548943042755127,0.009922751225531101,0.9878787994384766,00600,wlasl_pkls_cropFalse_defult_shape/00600.pkl,accept,val,11,25,1,-1
94,0.7765957117080688,0.7765957117080688,0.8639456629753113,0.027917003259062767,2.9925808906555176,191.38275146484375,12.430838584899902,0.12614427506923676,1.4983649253845215,0.013440757058560848,2.4830379486083984,03522,wlasl_pkls_cropFalse_defult_shape/03522.pkl,artist,train,41,25,1,-1
46,0.021739130839705467,1.0,0.7855522632598877,0.05141928046941757,3.443948268890381,172.92349243164062,15.270771026611328,0.11817129701375961,1.4417204856872559,0.011824101209640503,1.1837348937988281,04161,wlasl_pkls_cropFalse_defult_shape/04161.pkl,august,train,5,25,1,-1
50,0.5799999833106995,0.85999995470047,0.7584707140922546,0.04672469571232796,7.915892124176025,184.9508514404297,21.38991928100586,0.11891660839319229,1.336756944656372,0.015333570539951324,1.2090930938720703,01385,wlasl_pkls_cropFalse_defult_shape/01385.pkl,africa,train,6,25,1,-1
52,0.8076923489570618,0.8461538553237915,0.7475395202636719,0.04443835839629173,6.142819404602051,168.12242126464844,21.583444595336914,0.1055276021361351,1.545188546180725,0.01222739927470684,1.2104568481445312,02524,wlasl_pkls_cropFalse_defult_shape/02524.pkl,and,train,25,25,1,-1
70,0.5857142806053162,0.6142857074737549,0.8131362199783325,0.034464746713638306,2.4507839679718018,166.40570068359375,7.796538352966309,0.07783884555101395,1.4228589534759521,0.01206223014742136,1.6120128631591797,01461,wlasl_pkls_cropFalse_defult_shape/01461.pkl,again,train,36,25,1,-1
65,0.7384615540504456,0.7538461685180664,0.7957382798194885,0.02683216705918312,5.519634246826172,196.29864501953125,22.307907104492188,0.08577882498502731,1.403348445892334,0.013952195644378662,1.2487375736236572,04184,wlasl_pkls_cropFalse_defult_shape/04184.pkl,australia,val,37,25,1,-1
21,0.9523809552192688,0.9523809552192688,0.8638002872467041,0.05496248975396156,11.151918411254883,177.08082580566406,27.658655166625977,0.07805192470550537,1.3572373390197754,0.026682060211896896,2.0900211334228516,03419,wlasl_pkls_cropFalse_defult_shape/03419.pkl,arrest,val,4,25,1,-1
47,0.9999999403953552,0.9999999403953552,0.9276837706565857,0.4801672101020813,0.5738338232040405,28.43881607055664,1.4695394039154053,0.16311682760715485,1.4875249862670898,0.012177303433418274,3.494823455810547,01504,wlasl_pkls_cropFalse_defult_shape/01504.pkl,agenda,val,9,25,1276,1335
48,0.0416666679084301,0.6666666865348816,0.7498169541358948,0.053163524717092514,14.041301727294922,247.50460815429688,41.432228088378906,0.0807875543832779,1.3986085653305054,0.016099100932478905,2.319232940673828,01562,wlasl_pkls_cropFalse_defult_shape/01562.pkl,ago,train,16,25,1,-1
81,0.5925925970077515,0.654321014881134,0.7782933712005615,0.047682616859674454,3.6787750720977783,172.0986328125,15.595328330993652,0.12072279304265976,1.28489351272583,0.009781056083738804,1.6038818359375,01505,wlasl_pkls_cropFalse_defult_shape/01505.pkl,agenda,train,33,25,1,-1
37,1.0,1.0,0.8838627934455872,0.03804837912321091,5.8894476890563965,181.68959045410156,20.9188175201416,0.0893232598900795,1.344431757926941,0.018504848703742027,1.6867561340332031,00836,wlasl_pkls_cropFalse_defult_shape/00836.pkl,across,train,4,25,1,-1
95,1.0,1.0,0.8363405466079712,0.04204844683408737,3.2194406986236572,150.12474060058594,13.566265106201172,0.06956124305725098,1.530564785003662,0.01283953059464693,2.19635009765625,01583,wlasl_pkls_cropFalse_defult_shape/01583.pkl,agreement,val,26,25,1,-1
56,0.9642857313156128,0.7678571939468384,0.8094131946563721,0.05200802534818649,3.3054022789001465,216.6647491455078,12.29418659210205,0.13083094358444214,1.4696940183639526,0.01281614787876606,1.2059059143066406,04174,wlasl_pkls_cropFalse_defult_shape/04174.pkl,aunt,test,5,25,1,-1
47,0.7872340083122253,0.9999999403953552,0.8546900749206543,0.03824498876929283,8.476099014282227,220.1752166748047,30.300949096679688,0.09746123850345612,1.4785538911819458,0.01898096315562725,2.0132713317871094,02855,wlasl_pkls_cropFalse_defult_shape/02855.pkl,anyway,train,5,25,1,-1
54,1.0,1.0,0.8286178708076477,0.03875918313860893,7.112414360046387,178.45498657226562,25.763622283935547,0.13285785913467407,1.8817601203918457,0.02544081211090088,6.091440200805664,02546,wlasl_pkls_cropFalse_defult_shape/02546.pkl,angel,train,5,25,1,-1
45,1.0,1.0,0.9775052666664124,0.5329631567001343,2.0296077728271484,35.05709457397461,4.05696439743042,0.10315899550914764,1.7244013547897339,0.013617675751447678,1.0605735778808594,03277,wlasl_pkls_cropFalse_defult_shape/03277.pkl,argue,train,10,25,1,-1
94,0.3829787075519562,0.4893616735935211,0.7358123660087585,0.0484771728515625,3.152890205383301,357.8683776855469,15.09540843963623,0.09681297838687897,1.320289969444275,0.008046049624681473,0.8355751037597656,02091,wlasl_pkls_cropFalse_defult_shape/02091.pkl,almost,train,35,25,1,-1
15,1.0,1.0,0.9770527482032776,0.6643044948577881,1.38025963306427,40.01249694824219,4.49846887588501,0.100623220205307,1.639652967453003,0.013982581906020641,1.3251373767852783,00429,wlasl_pkls_cropFalse_defult_shape/00429.pkl,above,train,9,25,241,290
129,0.751937985420227,0.7054263353347778,0.7881468534469604,0.05740874260663986,2.707272529602051,179.41017150878906,13.569055557250977,0.059349335730075836,1.2551400661468506,0.007879520766437054,0.6902123093605042,03154,wlasl_pkls_cropFalse_defult_shape/03154.pkl,april,test,2,25,1,-1
74,0.5270270109176636,1.0,0.7350927591323853,0.0561651811003685,3.7671141624450684,185.75477600097656,16.110498428344727,0.13483548164367676,1.3425559997558594,0.010119857266545296,1.3357105255126953,01487,wlasl_pkls_cropFalse_defult_shape/01487.pkl,age,test,13,25,1,-1
141,0.5815602540969849,0.7092198133468628,0.7600455284118652,0.0513782724738121,3.8842012882232666,155.40127563476562,14.818902015686035,0.07689902186393738,1.3887932300567627,0.011655636131763458,1.626220703125,02429,wlasl_pkls_cropFalse_defult_shape/02429.pkl,amputate,test,2,25,1,-1
59,1.0,1.0,0.8107454180717468,0.045051462948322296,4.622581481933594,261.5068664550781,17.014333724975586,0.10841791331768036,1.482592225074768,0.015607214532792568,1.6355781555175781,01321,wlasl_pkls_cropFalse_defult_shape/01321.pkl,affect,train,15,25,1,-1
75,0.5200000405311584,0.5200000405311584,0.7481065988540649,0.04932461678981781,4.7383880615234375,175.90997314453125,19.01434898376465,0.11849413067102432,1.3249183893203735,0.009515327401459217,0.6267746686935425,01621,wlasl_pkls_cropFalse_defult_shape/01621.pkl,aid,test,2,25,1,-1
49,1.0,1.0,0.8955591320991516,0.04633212834596634,5.269327640533447,168.05484008789062,18.941654205322266,0.09128385037183762,1.5248137712478638,0.021498102694749832,2.0045433044433594,02559,wlasl_pkls_cropFalse_defult_shape/02559.pkl,angle,train,4,25,1,-1
54,1.0,1.0,0.8700560927391052,0.10458126664161682,3.4818429946899414,182.05587768554688,13.357331275939941,0.12891077995300293,1.692919135093689,0.018687082454562187,5.534982681274414,00893,wlasl_pkls_cropFalse_defult_shape/00893.pkl,activity,train,14,25,1,-1
42,1.0,1.0,0.8063202500343323,0.036173973232507706,4.776467323303223,475.696533203125,20.923709869384766,0.14454767107963562,1.4947333335876465,0.009756454266607761,1.764251708984375,02696,wlasl_pkls_cropFalse_defult_shape/02696.pkl,another,train,9,25,2823,2872
46,1.0,1.0,0.8505483865737915,0.04052889719605446,6.949783802032471,157.75167846679688,22.184432983398438,0.12450266629457474,1.6284409761428833,0.01602884568274021,1.4598045349121094,04016,wlasl_pkls_cropFalse_defult_shape/04016.pkl,attention,test,25,25,1,-1
59,1.0,0.9830508232116699,0.8608043193817139,0.03893395885825157,4.194029808044434,203.26513671875,16.718547821044922,0.12701022624969482,1.5660016536712646,0.01882612705230713,3.2044334411621094,00424,wlasl_pkls_cropFalse_defult_shape/00424.pkl,about,test,5,25,1,-1
91,1.0,1.0,0.9715444445610046,0.3255389332771301,1.8044800758361816,28.863956451416016,2.923875331878662,0.1022186428308487,1.5548754930496216,0.014219477772712708,0.9065647125244141,02490,wlasl_pkls_cropFalse_defult_shape/02490.pkl,anatomy,train,11,25,1,-1
62,0.0,0.8064515590667725,0.7489113211631775,0.03361241891980171,9.27576732635498,247.57992553710938,30.895679473876953,0.0825929194688797,1.395269513130188,0.013376506976783276,2.6238765716552734,03562,wlasl_pkls_cropFalse_defult_shape/03562.pkl,asia,val,8,25,1,-1
119,0.9915966987609863,1.0,0.7677217125892639,0.043829213827848434,3.0907464027404785,154.03994750976562,11.836909294128418,0.08465487509965897,1.4871904850006104,0.01378458272665739,1.6275901794433594,03448,wlasl_pkls_cropFalse_defult_shape/03448.pkl,arrogant,train,57,25,1,-1
108,0.9907407760620117,1.0,0.8176835179328918,0.05040059983730316,3.653496742248535,188.1914825439453,14.54908275604248,0.0782354474067688,1.3329328298568726,0.011673026718199253,1.136061668395996,02951,wlasl_pkls_cropFalse_defult_shape/02951.pkl,appear,val,2,25,1,-1
72,1.0,1.0,0.8573413491249084,0.043778516352176666,4.33925199508667,200.3683319091797,17.2432918548584,0.05499091371893883,1.6464273929595947,0.020610375329852104,2.5233733654022217,04302,wlasl_pkls_cropFalse_defult_shape/04302.pkl,available,train,13,25,1,-1
56,1.0,1.0,0.84258633852005,0.05293372645974159,4.791439533233643,152.00286865234375,16.525997161865234,0.09063003212213516,1.4102662801742554,0.021794093772768974,1.5371208190917969,00892,wlasl_pkls_cropFalse_defult_shape/00892.pkl,activity,val,15,25,1,-1
95,0.75789475440979,0.9684211015701294,0.7647457718849182,0.05812504142522812,5.177857875823975,189.01699829101562,17.36760139465332,0.10165872424840927,1.3908895254135132,0.01137414202094078,1.6309185028076172,02231,wlasl_pkls_cropFalse_defult_shape/02231.pkl,always,test,13,25,1,-1
78,0.6794871687889099,0.6538461446762085,0.8229308724403381,0.1324843466281891,1.4755184650421143,55.227603912353516,4.468751907348633,0.12431009113788605,1.5117906332015991,0.014487589709460735,1.2677497863769531,03001,wlasl_pkls_cropFalse_defult_shape/03001.pkl,apple,train,38,25,1,-1
82,0.8902438879013062,0.9999999403953552,0.7475677132606506,0.05639902874827385,4.623265743255615,194.59681701660156,16.37803077697754,0.11886782944202423,1.351401925086975,0.009139930829405785,1.2591209411621094,04175,wlasl_pkls_cropFalse_defult_shape/04175.pkl,aunt,train,49,25,1,-1
85,0.7176470756530762,1.0,0.7823837995529175,0.06155364215373993,4.66410493850708,180.69593811035156,17.235483169555664,0.09455303102731705,1.3002363443374634,0.010742106474936008,1.759664535522461,04062,wlasl_pkls_cropFalse_defult_shape/04062.pkl,attract,train,2,25,1,-1
90,0.4888888895511627,0.5333333611488342,0.7912802696228027,0.02312532067298889,4.108795166015625,450.5962219238281,18.21696662902832,0.09968753904104233,1.4664196968078613,0.012277616187930107,0.8570365905761719,02168,wlasl_pkls_cropFalse_defult_shape/02168.pkl,already,train,41,25,1,-1
61,0.9999999403953552,0.9999999403953552,0.8781875371932983,0.05816809833049774,4.704749584197998,158.2783966064453,16.59800148010254,0.0804675742983818,1.3811854124069214,0.016301950439810753,1.8893928527832031,02624,wlasl_pkls_cropFalse_defult_shape/02624.pkl,announce,test,16,25,1,-1
77,0.7532467246055603,1.0,0.864104688167572,0.04917680099606514,5.666845321655273,196.76185607910156,24.371084213256836,0.07133744657039642,1.3334985971450806,0.012997115030884743,2.679572105407715,01604,wlasl_pkls_cropFalse_defult_shape/01604.pkl,ahead,train,24,25,1,-1
83,0.5903614163398743,0.9999999403953552,0.735801637172699,0.05888361483812332,5.519123077392578,702.7520141601562,18.7690372467041,0.07356385141611099,1.391458511352539,0.018012212589383125,4.773525714874268,02273,wlasl_pkls_cropFalse_defult_shape/02273.pkl,amazing,test,13,25,1,-1
65,1.0,1.0,0.9028794765472412,0.043145664036273956,6.486976623535156,221.0215301513672,24.48357391357422,0.11900745332241058,1.586812973022461,0.020493492484092712,8.803949356079102,04222,wlasl_pkls_cropFalse_defult_shape/04222.pkl,author,train,30,25,1,-1
56,1.0,1.0,0.9732662439346313,0.360721230506897,1.775448203086853,28.035629272460938,3.1498706340789795,0.09741915762424469,1.5126935243606567,0.014124590903520584,1.2052249908447266,00855,wlasl_pkls_cropFalse_defult_shape/00855.pkl,action,train,10,25,1,-1
58,0.7758620381355286,0.8793103694915771,0.8310089111328125,0.049582965672016144,7.111974716186523,197.2269744873047,24.501747131347656,0.09612094610929489,1.3884278535842896,0.019072456285357475,2.548013687133789,03387,wlasl_pkls_cropFalse_defult_shape/03387.pkl,around,train,16,25,1,-1
86,1.0,1.0,0.8582795262336731,0.033511318266391754,6.046796798706055,199.2381591796875,23.312042236328125,0.09879237413406372,1.5731137990951538,0.012949387542903423,1.0092239379882812,02355,wlasl_pkls_cropFalse_defult_shape/02355.pkl,america,train,30,25,1,-1
27,0.8518518805503845,1.0,0.7727786302566528,0.06742677837610245,6.369550704956055,161.36605834960938,21.341230392456055,0.11415645480155945,1.5826534032821655,0.018447527661919594,5.310279846191406,02176,wlasl_pkls_cropFalse_defult_shape/02176.pkl,also,train,14,25,1,-1
121,0.9917355179786682,0.9999999403953552,0.8608036637306213,0.04842576012015343,2.734454393386841,167.2578125,11.245487213134766,0.08545684069395065,1.4717316627502441,0.01324197743088007,1.237529993057251,01988,wlasl_pkls_cropFalse_defult_shape/01988.pkl,all,train,13,25,1,-1
30,1.0,1.0,0.9806295037269592,0.6753303408622742,0.6923140287399292,15.264337539672852,1.8025596141815186,0.15242737531661987,1.5624072551727295,0.013055119663476944,3.0051212310791016,01796,wlasl_pkls_cropFalse_defult_shape/01796.pkl,alarm,train,9,25,1529,1575
24,1.0,1.0,0.9570147395133972,0.4138522148132324,0.8969710469245911,14.01748275756836,1.6452347040176392,0.12011316418647766,1.5514938831329346,0.01143608707934618,0.9024009704589844,02956,wlasl_pkls_cropFalse_defult_shape/02956.pkl,appear,val,11,25,1,-1
60,0.9000000357627869,1.0,0.8715183734893799,0.04434014484286308,9.512158393859863,216.83934020996094,26.800512313842773,0.10261096805334091,1.465685486793518,0.019103161990642548,3.4271087646484375,04105,wlasl_pkls_cropFalse_defult_shape/04105.pkl,auction,train,16,25,1,-1
95,0.6000000238418579,0.9894737005233765,0.8000599145889282,0.055467817932367325,4.318444728851318,1355.458251953125,25.68597412109375,0.12060888856649399,1.3146696090698242,0.010281194001436234,0.7993819713592529,04218,wlasl_pkls_cropFalse_defult_shape/04218.pkl,author,val,2,25,1,-1
59,1.0,1.0,0.9031252861022949,0.1906992793083191,3.0355470180511475,47.16990661621094,5.46208381652832,0.11255931109189987,1.597662329673767,0.020215334370732307,1.340047836303711,04186,wlasl_pkls_cropFalse_defult_shape/04186.pkl,australia,train,38,25,1,-1
30,1.0,1.0,0.8452028036117554,0.03128659725189209,4.57743501663208,149.9163818359375,17.227325439453125,0.1204671561717987,1.5210145711898804,0.01609884388744831,2.3819808959960938,01990,wlasl_pkls_cropFalse_defult_shape/01990.pkl,all,train,20,25,1,-1
32,1.0,1.0,0.9821832776069641,0.7774520516395569,1.0219615697860718,21.21320343017578,2.592261552810669,0.11546751111745834,1.4518927335739136,0.012810633517801762,0.6393165588378906,01160,wlasl_pkls_cropFalse_defult_shape/01160.pkl,adopt,train,11,25,1,-1
49,1.0,1.0,0.917826771736145,0.374601274728775,0.5472517609596252,17.538503646850586,1.2189364433288574,0.15351992845535278,1.5182483196258545,0.009157819673418999,1.7178764343261719,04049,wlasl_pkls_cropFalse_defult_shape/04049.pkl,attorney,test,9,25,4500,4556
31,1.0,1.0,0.9797230362892151,0.7176204919815063,1.3726261854171753,22.665464401245117,2.264116048812866,0.12673422694206238,1.8884644508361816,0.014481292106211185,3.5606307983398438,02544,wlasl_pkls_cropFalse_defult_shape/02544.pkl,angel,test,11,25,1,-1
41,0.9999999403953552,0.9999999403953552,0.9145155549049377,0.37502163648605347,0.7142046689987183,27.453414916992188,1.3460023403167725,0.09768588840961456,1.649654507637024,0.008197163231670856,0.9619827270507812,01646,wlasl_pkls_cropFalse_defult_shape/01646.pkl,aim,train,10,25,1,-1
94,0.9999999403953552,0.9999999403953552,0.7834876179695129,0.05490768700838089,3.635401725769043,161.78887939453125,14.887655258178711,0.020583175122737885,1.3720368146896362,0.009639371186494827,1.1568145751953125,04289,wlasl_pkls_cropFalse_defult_shape/04289.pkl,autumn,train,2,25,1,-1
61,0.0,0.6721311211585999,0.7835017442703247,0.04687825217843056,3.619256019592285,216.32862854003906,13.096416473388672,0.09673760831356049,1.435570478439331,0.012846660800278187,1.6993389129638672,01393,wlasl_pkls_cropFalse_defult_shape/01393.pkl,africa,train,5,25,1,-1
41,0.3658536374568939,0.9268292188644409,0.7579699754714966,0.03285188972949982,6.5809783935546875,158.4529571533203,20.446516036987305,0.09581979364156723,1.368361234664917,0.01583741046488285,3.4903907775878906,01209,wlasl_pkls_cropFalse_defult_shape/01209.pkl,adult,train,32,25,1,-1
18,1.0,1.0,0.9930131435394287,0.8589797616004944,1.327481985092163,19.209373474121094,3.117192029953003,0.12061712890863419,2.183858633041382,0.015222250483930111,1.0074806213378906,03454,wlasl_pkls_cropFalse_defult_shape/03454.pkl,arrogant,test,10,25,1,-1
79,1.0,1.0,0.9075354337692261,0.11966150254011154,1.5883985757827759,22.830535888671875,2.581773519515991,0.11299246549606323,1.543534755706787,0.015481490641832352,3.65216064453125,01730,wlasl_pkls_cropFalse_defult_shape/01730.pkl,airplane,train,11,25,1,-1
77,0.7922077775001526,0.9870129823684692,0.8052250742912292,0.030255693942308426,5.624361038208008,206.300537109375,23.587570190429688,0.09973273426294327,1.5246679782867432,0.015881579369306564,1.6739311218261719,01652,wlasl_pkls_cropFalse_defult_shape/01652.pkl,aim,train,12,25,1,-1
62,0.0,0.7096773982048035,0.7527751326560974,0.043974194675683975,8.254828453063965,215.28463745117188,31.546005249023438,0.08623028546571732,1.3179796934127808,0.008845738135278225,0.7271689772605896,02522,wlasl_pkls_cropFalse_defult_shape/02522.pkl,and,train,5,25,1,-1
139,0.5467625856399536,0.5467625856399536,0.8024179935455322,0.040044136345386505,4.635609149932861,588.863525390625,22.218141555786133,0.07270803302526474,1.378132939338684,0.00838026124984026,0.4690284729003906,00943,wlasl_pkls_cropFalse_defult_shape/00943.pkl,adapt,test,19,25,1,-1
74,0.6216216087341309,1.0,0.7629920244216919,0.043777987360954285,4.029752731323242,576.8146362304688,17.677383422851562,0.10026714205741882,1.4623476266860962,0.01345198042690754,1.32769775390625,02476,wlasl_pkls_cropFalse_defult_shape/02476.pkl,analyze,train,35,25,1,-1
43,1.0,1.0,0.8648945093154907,0.041580744087696075,6.634291172027588,176.20819091796875,20.689905166625977,0.0725083202123642,1.4490340948104858,0.021075792610645294,1.938711166381836,04227,wlasl_pkls_cropFalse_defult_shape/04227.pkl,authority,train,4,25,1,-1
31,0.9032257795333862,0.9032257795333862,0.7870826721191406,0.04415346682071686,7.750983715057373,167.0366973876953,22.55466651916504,0.021878287196159363,1.3012551069259644,0.01606609672307968,1.18499755859375,03121,wlasl_pkls_cropFalse_defult_shape/03121.pkl,approve,train,31,25,1,-1
57,0.14035087823867798,1.0,0.8313818573951721,0.05307810753583908,2.140291929244995,31.318225860595703,3.2922821044921875,0.12198512256145477,1.5201067924499512,0.012421626597642899,2.8381824493408203,02233,wlasl_pkls_cropFalse_defult_shape/02233.pkl,always,train,10,25,1,-1
53,1.0,1.0,0.9684092998504639,0.41762566566467285,1.2912540435791016,20.72132682800293,3.0798819065093994,0.07640144228935242,1.5228344202041626,0.014431125484406948,1.2367267608642578,01016,wlasl_pkls_cropFalse_defult_shape/01016.pkl,address,test,20,25,1,-1
26,1.0,1.0,0.981623113155365,0.6525523066520691,0.9447779655456543,25.079872131347656,2.556253671646118,0.08340849727392197,1.3317135572433472,0.00851377286016941,0.8001042008399963,02166,wlasl_pkls_cropFalse_defult_shape/02166.pkl,already,val,11,25,1,-1
68,1.0,1.0,0.7968147397041321,0.042246267199516296,4.199547290802002,154.60565185546875,16.247236251831055,0.0835871621966362,1.4187138080596924,0.014174454845488071,2.279865264892578,02565,wlasl_pkls_cropFalse_defult_shape/02565.pkl,angry,train,26,25,1,-1
110,0.9999999403953552,0.9999999403953552,0.721862256526947,0.0360807329416275,3.1689293384552,162.15985107421875,13.638532638549805,0.09739768505096436,1.4399628639221191,0.009156852960586548,1.3267288208007812,04203,wlasl_pkls_cropFalse_defult_shape/04203.pkl,austria,train,21,25,1,-1
30,1.0,1.0,0.9375153183937073,0.037232011556625366,4.885937690734863,122.84477996826172,14.340126037597656,0.10198670625686646,1.7441661357879639,0.024811411276459694,3.5485267639160156,04115,wlasl_pkls_cropFalse_defult_shape/04115.pkl,audience,train,45,25,1,-1
61,0.2950819432735443,0.7213114500045776,0.7201353311538696,0.033621035516262054,4.141176700592041,201.81358337402344,17.79476547241211,0.11731983721256256,1.5646859407424927,0.009876584634184837,0.7146530151367188,02975,wlasl_pkls_cropFalse_defult_shape/02975.pkl,appetite,train,12,25,1,-1
57,1.0,1.0,0.9744076132774353,0.4091992974281311,0.870013415813446,17.029386520385742,1.7203404903411865,0.06415224075317383,1.408308506011963,0.010965299792587757,0.823713481426239,03382,wlasl_pkls_cropFalse_defult_shape/03382.pkl,around,test,11,25,1,-1
79,0.2405063360929489,0.8101266026496887,0.7122360467910767,0.034240756183862686,4.467490196228027,169.99916076660156,18.229154586791992,0.12507730722427368,1.522205114364624,0.012219156138598919,1.2089042663574219,02181,wlasl_pkls_cropFalse_defult_shape/02181.pkl,also,val,12,25,1,-1
44,1.0,1.0,0.8852398991584778,0.35082605481147766,0.9643113017082214,19.159666061401367,1.6849539279937744,0.1257445067167282,1.469543218612671,0.01096489280462265,0.7516183257102966,00839,wlasl_pkls_cropFalse_defult_shape/00839.pkl,across,train,11,25,1,-1
34,1.0,1.0,0.9867085218429565,0.8334416747093201,0.5279570817947388,12.0,1.02229642868042,0.11972495913505554,1.5555006265640259,0.006547317840158939,0.24728965759277344,00599,wlasl_pkls_cropFalse_defult_shape/00599.pkl,accept,train,11,25,1,-1
33,0.5454545617103577,0.9696969985961914,0.7864446640014648,0.04358367994427681,7.953460216522217,448.63287353515625,26.71961212158203,0.12904363870620728,1.5332170724868774,0.017855621874332428,3.72967529296875,00583,wlasl_pkls_cropFalse_defult_shape/00583.pkl,accent,train,4,25,1,-1
21,1.0,1.0,0.9179323315620422,0.4920341372489929,1.061637282371521,15.815024375915527,1.4628989696502686,0.08709684014320374,1.4805166721343994,0.018274905160069466,1.7583999633789062,02147,wlasl_pkls_cropFalse_defult_shape/02147.pkl,alphabet,train,20,25,1,-1
38,1.0,1.0,0.940346360206604,0.5418432950973511,1.6799452304840088,46.873695373535156,4.222141265869141,0.09136446565389633,1.4409600496292114,0.012750053778290749,0.9337825775146484,01579,wlasl_pkls_cropFalse_defult_shape/01579.pkl,agree,train,11,25,1,-1
89,1.0,1.0,0.8575519919395447,0.052356697618961334,3.1174330711364746,140.6621551513672,11.977749824523926,0.08929388970136642,1.5385348796844482,0.017882520332932472,3.0516371726989746,02852,wlasl_pkls_cropFalse_defult_shape/02852.pkl,anyway,train,13,25,1,-1
47,0.9999999403953552,0.9999999403953552,0.9275121688842773,0.09553100168704987,1.6777713298797607,29.364805221557617,3.5313568115234375,0.11069752275943756,1.6113427877426147,0.013575959950685501,2.1607093811035156,01962,wlasl_pkls_cropFalse_defult_shape/01962.pkl,allergy,train,11,25,1,-1
68,0.6911764740943909,0.7205882668495178,0.8270662426948547,0.03475964814424515,4.869451522827148,207.5145721435547,18.669179916381836,0.11009778827428818,1.5786833763122559,0.016477487981319427,1.1914558410644531,04223,wlasl_pkls_cropFalse_defult_shape/04223.pkl,author,train,12,25,1,-1
51,1.0,1.0,0.9668805003166199,0.4021987318992615,1.5585296154022217,43.472267150878906,3.6305086612701416,0.11411688476800919,1.5396511554718018,0.013738400302827358,1.45831298828125,04002,wlasl_pkls_cropFalse_defult_shape/04002.pkl,attend,train,10,25,1,-1
28,1.0,1.0,0.7987121343612671,0.07757622003555298,2.9740824699401855,97.423095703125,8.831745147705078,0.1155417338013649,1.492943286895752,0.016567450016736984,0.836273193359375,01488,wlasl_pkls_cropFalse_defult_shape/01488.pkl,age,train,20,25,1,-1
33,0.3636363744735718,1.0,0.8033159375190735,0.04475434124469757,8.267988204956055,190.59396362304688,24.948612213134766,0.10450529307126999,1.3793278932571411,0.0193785447627306,0.8827877044677734,01486,wlasl_pkls_cropFalse_defult_shape/01486.pkl,age,train,4,25,1,-1
77,0.9870129823684692,1.0,0.8424921631813049,0.038694169372320175,5.943642616271973,197.1365966796875,25.467994689941406,0.08218249678611755,1.4410737752914429,0.01684369333088398,1.418771743774414,02623,wlasl_pkls_cropFalse_defult_shape/02623.pkl,announce,train,5,25,1,-1
36,1.0,1.0,0.8033683896064758,0.03637874498963356,4.343940258026123,144.3743133544922,17.427589416503906,0.0947851687669754,1.528699517250061,0.012768475338816643,1.7453880310058594,01382,wlasl_pkls_cropFalse_defult_shape/01382.pkl,africa,val,9,25,1008,1051
35,1.0,1.0,0.9788366556167603,0.7228308320045471,1.0128381252288818,23.0867919921875,2.7778568267822266,0.07234266400337219,1.465952754020691,0.009914773516356945,0.8421230316162109,00634,wlasl_pkls_cropFalse_defult_shape/00634.pkl,accident,test,11,25,1,-1
27,1.0,1.0,0.9595504403114319,0.5645642876625061,2.1455187797546387,64.30973052978516,7.357337474822998,0.09809901565313339,1.5399260520935059,0.013167777098715305,1.2667121887207031,02572,wlasl_pkls_cropFalse_defult_shape/02572.pkl,angry,val,11,25,1,-1
38,1.0,1.0,0.967237651348114,0.5250904560089111,0.5253167152404785,17.175243377685547,1.3867664337158203,0.10849738866090775,1.532808780670166,0.019197098910808563,3.1667404174804688,01828,wlasl_pkls_cropFalse_defult_shape/01828.pkl,alcohol,val,9,25,1576,1618
55,0.9999999403953552,0.9999999403953552,0.9216053485870361,0.2198970466852188,1.2573777437210083,85.85375213623047,3.9791853427886963,0.13986587524414062,1.3145161867141724,0.010621855035424232,0.6249229311943054,03123,wlasl_pkls_cropFalse_defult_shape/03123.pkl,approve,train,20,25,1,-1
44,1.0,1.0,0.8201518654823303,0.036996856331825256,5.076785564422607,166.374267578125,17.873001098632812,0.13076144456863403,1.3677396774291992,0.014016645029187202,4.74028205871582,01462,wlasl_pkls_cropFalse_defult_shape/01462.pkl,again,val,27,25,1,-1
167,1.0,1.0,0.9199044704437256,0.08109722286462784,2.232346296310425,139.66098022460938,7.044724941253662,0.11912679672241211,1.4785170555114746,0.01573833078145981,2.410951614379883,03490,wlasl_pkls_cropFalse_defult_shape/03490.pkl,article,train,43,25,1,-1
63,0.7142857313156128,0.8412699103355408,0.8214462995529175,0.036282580345869064,6.602016448974609,208.6257781982422,24.389801025390625,0.04474134370684624,1.4857103824615479,0.016425376757979393,1.7951126098632812,04296,wlasl_pkls_cropFalse_defult_shape/04296.pkl,autumn,train,12,25,1,-1
72,0.6388888955116272,0.6666666865348816,0.8290644884109497,0.03606231510639191,3.7347638607025146,222.57530212402344,13.53962516784668,0.06038370728492737,1.3766672611236572,0.014436922036111355,1.0718711614608765,03762,wlasl_pkls_cropFalse_defult_shape/03762.pkl,assistant,train,5,25,1,-1
55,0.9999999403953552,0.9999999403953552,0.9377199411392212,0.5365602970123291,0.6593529582023621,21.42144203186035,1.5442675352096558,0.07211972773075104,1.311956524848938,0.008126289583742619,0.4898262023925781,03760,wlasl_pkls_cropFalse_defult_shape/03760.pkl,assistant,train,20,25,1,-1
60,1.0,1.0,0.8599908947944641,0.03469732031226158,7.457855701446533,209.00033569335938,26.74074363708496,0.09772657603025436,1.551918864250183,0.01699850708246231,1.8785667419433594,01651,wlasl_pkls_cropFalse_defult_shape/01651.pkl,aim,test,30,25,1,-1
34,1.0,1.0,0.9828707575798035,0.6339102983474731,0.617002546787262,14.711727142333984,1.446891188621521,0.10561956465244293,1.6537792682647705,0.01046757958829403,1.0485213994979858,02473,wlasl_pkls_cropFalse_defult_shape/02473.pkl,analyze,test,9,25,2256,2302
80,1.0,1.0,0.8585852384567261,0.0434952937066555,4.209682464599609,178.97288513183594,15.654595375061035,0.09366554766893387,1.4558682441711426,0.017741788178682327,5.049434661865234,01995,wlasl_pkls_cropFalse_defult_shape/01995.pkl,all,train,5,25,1,-1
64,1.0,1.0,0.9692333936691284,0.6275424957275391,1.9001026153564453,43.8292121887207,3.640411376953125,0.09579172730445862,1.695609450340271,0.020701859146356583,4.904203414916992,00631,wlasl_pkls_cropFalse_defult_shape/00631.pkl,accident,train,10,25,1,-1
58,1.0,1.0,0.8080444931983948,0.04850267618894577,3.2880892753601074,160.6645050048828,12.386496543884277,0.13052953779697418,1.4002361297607422,0.014925310388207436,1.3630236387252808,03766,wlasl_pkls_cropFalse_defult_shape/03766.pkl,assist,train,21,25,1,-1
33,1.0,1.0,0.9236705303192139,0.39040154218673706,1.065804362297058,27.740745544433594,2.7694637775421143,0.13356786966323853,1.3562577962875366,0.009047627449035645,0.5648899078369141,03493,wlasl_pkls_cropFalse_defult_shape/03493.pkl,article,val,11,25,1,-1
88,1.0,1.0,0.8068082332611084,0.05133499950170517,6.3658647537231445,177.53053283691406,22.672321319580078,0.10013307631015778,1.4465816020965576,0.010881155729293823,1.1339092254638672,04099,wlasl_pkls_cropFalse_defult_shape/04099.pkl,auction,test,2,25,1,-1
63,0.7142857313156128,0.9047619700431824,0.802008330821991,0.03644240275025368,4.509671688079834,180.56253051757812,18.367088317871094,0.04842851683497429,1.4005818367004395,0.016609104350209236,2.8178367614746094,03201,wlasl_pkls_cropFalse_defult_shape/03201.pkl,archery,test,4,25,1,-1
52,1.0,1.0,0.9343704581260681,0.4816860854625702,1.363250970840454,24.497840881347656,2.5279855728149414,0.08527470380067825,1.4383021593093872,0.012311194092035294,1.1223411560058594,03105,wlasl_pkls_cropFalse_defult_shape/03105.pkl,appropriate,val,10,25,1,-1
72,1.0,1.0,0.7776813507080078,0.034595586359500885,5.933638572692871,201.6356964111328,25.58404541015625,0.12045875191688538,1.6109728813171387,0.013928973115980625,1.652994155883789,00384,wlasl_pkls_cropFalse_defult_shape/00384.pkl,able,train,12,25,1,-1
34,1.0,1.0,0.9867085218429565,0.8334416747093201,0.5279570817947388,12.0,1.02229642868042,0.11972158402204514,1.5555002689361572,0.006548947189003229,0.24721336364746094,01158,wlasl_pkls_cropFalse_defult_shape/01158.pkl,adopt,val,11,25,1,-1
68,0.05882352963089943,0.8235294222831726,0.7579720616340637,0.03622964397072792,6.83234977722168,212.47593688964844,29.473388671875,0.11495669186115265,1.3398501873016357,0.01027669757604599,1.1089401245117188,03641,wlasl_pkls_cropFalse_defult_shape/03641.pkl,asl,test,5,25,1,-1
70,0.6428571343421936,0.8142856955528259,0.8389223217964172,0.052390992641448975,9.179080963134766,200.84544372558594,28.824426651000977,0.10042411088943481,1.4506440162658691,0.0184400025755167,2.300189971923828,00850,wlasl_pkls_cropFalse_defult_shape/00850.pkl,act,train,16,25,1,-1
34,1.0,1.0,0.8905373215675354,0.031679071485996246,6.792225360870361,207.35269165039062,18.387231826782227,0.07728254050016403,1.5137394666671753,0.024686941877007484,3.424428939819336,03758,wlasl_pkls_cropFalse_defult_shape/03758.pkl,assistant,train,4,25,1,-1
89,0.584269642829895,0.584269642829895,0.7914746999740601,0.03996274992823601,7.243481636047363,223.08834838867188,31.274063110351562,0.09454957395792007,1.4137266874313354,0.012633073143661022,3.299783706665039,02096,wlasl_pkls_cropFalse_defult_shape/02096.pkl,almost,train,5,25,1,-1
89,1.0,0.9550561904907227,0.8808891773223877,0.20048142969608307,1.8426625728607178,159.1005859375,8.478717803955078,0.10843382030725479,1.3217397928237915,0.009562868624925613,0.7909049987792969,01467,wlasl_pkls_cropFalse_defult_shape/01467.pkl,again,train,47,25,1,-1
58,1.0,1.0,0.8450088500976562,0.12039273977279663,0.7936707139015198,111.79150390625,2.845818519592285,0.07396039366722107,1.4897091388702393,0.0067960042506456375,1.0319595336914062,01121,wlasl_pkls_cropFalse_defult_shape/01121.pkl,admit,train,20,25,1,-1
89,0.6404494643211365,0.8764045238494873,0.8091254830360413,0.025160813704133034,4.678855895996094,565.7754516601562,21.63003921508789,0.1053185760974884,1.576781988143921,0.014037120155990124,1.6069622039794922,00694,wlasl_pkls_cropFalse_defult_shape/00694.pkl,accountant,train,12,25,1,-1
55,0.9999999403953552,0.9999999403953552,0.9747562408447266,0.5138290524482727,0.9678749442100525,43.035831451416016,3.1777286529541016,0.08485718071460724,1.5960997343063354,0.013463214039802551,7.5174713134765625,02621,wlasl_pkls_cropFalse_defult_shape/02621.pkl,announce,val,20,25,1,-1
26,1.0,1.0,0.8156381249427795,0.045605942606925964,9.997700691223145,167.2267303466797,27.259592056274414,0.08583518862724304,1.384736180305481,0.024072373285889626,3.6829185485839844,03420,wlasl_pkls_cropFalse_defult_shape/03420.pkl,arrest,test,4,25,1,-1
58,1.0,1.0,0.757975161075592,0.03434356302022934,7.852613925933838,210.7450408935547,26.659704208374023,0.11824313551187515,1.4687830209732056,0.013089543208479881,1.5355091094970703,03804,wlasl_pkls_cropFalse_defult_shape/03804.pkl,assume,train,30,25,1,-1
52,1.0,1.0,0.912041187286377,0.1133938580751419,1.7521249055862427,22.84231948852539,3.2706449031829834,0.10071306675672531,1.5948213338851929,0.012672035954892635,1.3384952545166016,01960,wlasl_pkls_cropFalse_defult_shape/01960.pkl,allergy,train,11,25,1,-1
26,1.0,1.0,0.9581776261329651,0.5286592245101929,2.3781206607818604,18.896024703979492,2.9377636909484863,0.08334434032440186,1.3475089073181152,0.012994988821446896,1.7356204986572266,02352,wlasl_pkls_cropFalse_defult_shape/02352.pkl,america,val,20,25,1,-1
104,0.38461539149284363,0.5769230723381042,0.6931530833244324,0.055196210741996765,2.936971426010132,157.30523681640625,13.424568176269531,0.09198196977376938,1.3390495777130127,0.006155169568955898,1.3152217864990234,03120,wlasl_pkls_cropFalse_defult_shape/03120.pkl,approve,test,35,25,1,-1
46,1.0,1.0,0.880635678768158,0.04954293370246887,5.312537670135498,174.51104736328125,18.129838943481445,0.07644595205783844,1.3856158256530762,0.018258729949593544,4.404962539672852,00626,wlasl_pkls_cropFalse_defult_shape/00626.pkl,accident,val,32,25,1,-1
75,0.5600000023841858,0.9866666793823242,0.7559456825256348,0.05962640047073364,4.812168121337891,183.5465850830078,16.3295841217041,0.10205814987421036,1.3466906547546387,0.012293264269828796,1.045114517211914,03800,wlasl_pkls_cropFalse_defult_shape/03800.pkl,assume,train,13,25,1,-1
46,1.0,1.0,0.8099133372306824,0.02540639415383339,6.219786167144775,3244.69189453125,80.74007415771484,0.1394803822040558,1.6374255418777466,0.007572987582534552,0.6214866638183594,02997,wlasl_pkls_cropFalse_defult_shape/02997.pkl,apple,test,9,25,3181,3233
35,1.0,1.0,0.9334325194358826,0.2018434703350067,1.696429967880249,49.342857360839844,4.03449010848999,0.12485123425722122,1.5772356986999512,0.015406806021928787,0.7547645568847656,01833,wlasl_pkls_cropFalse_defult_shape/01833.pkl,alcohol,train,14,25,1,-1
74,1.0,1.0,0.8413619995117188,0.025748800486326218,8.204689979553223,215.49839782714844,31.064672470092773,0.10137086361646652,1.6758455038070679,0.013186665251851082,1.3875694274902344,03074,wlasl_pkls_cropFalse_defult_shape/03074.pkl,appreciate,train,12,25,1,-1
59,0.37288135290145874,0.9661017060279846,0.7621732354164124,0.03936748951673508,9.171854972839355,966.2173461914062,30.607152938842773,0.07242332398891449,1.328252911567688,0.014433163218200207,1.110757827758789,03570,wlasl_pkls_cropFalse_defult_shape/03570.pkl,asia,train,24,25,1,-1
53,1.0,1.0,0.940657377243042,0.429726243019104,1.1334247589111328,36.64120864868164,3.4760489463806152,0.10194019228219986,1.5257951021194458,0.01013835147023201,4.246364593505859,01601,wlasl_pkls_cropFalse_defult_shape/01601.pkl,ahead,train,20,25,1,-1
75,1.0,1.0,0.7892183661460876,0.04414118826389313,3.43587064743042,155.42845153808594,14.315325736999512,0.09705352038145065,1.4903247356414795,0.014945060946047306,1.0874881744384766,00377,wlasl_pkls_cropFalse_defult_shape/00377.pkl,able,train,15,25,1,-1
67,0.6567164063453674,0.6716417670249939,0.8461723327636719,0.05562188848853111,2.3972253799438477,49.94676208496094,5.001889228820801,0.07277863472700119,1.43665611743927,0.020051926374435425,1.4012925624847412,02585,wlasl_pkls_cropFalse_defult_shape/02585.pkl,animal,test,36,25,1,-1
3,1.0,1.0,0.9843083620071411,0.7551189064979553,0.4211658537387848,3.1622776985168457,0.5427562594413757,0.09853484481573105,1.6689211130142212,0.00866324920207262,0.3804283142089844,01411,wlasl_pkls_cropFalse_defult_shape/01411.pkl,after,train,9,25,1052,1098
33,1.0,1.0,0.9151888489723206,0.04529950022697449,6.103366374969482,153.64259338378906,20.833860397338867,0.0952870175242424,1.4560444355010986,0.019807148724794388,3.0886688232421875,02350,wlasl_pkls_cropFalse_defult_shape/02350.pkl,america,train,45,25,1,-1
86,0.5116279125213623,1.0,0.7625892758369446,0.05611993372440338,4.7213826179504395,179.7903594970703,20.172836303710938,0.10987995564937592,1.2633386850357056,0.009195692837238312,0.958953857421875,04050,wlasl_pkls_cropFalse_defult_shape/04050.pkl,attorney,val,2,25,1,-1
25,0.9599999785423279,1.0,0.8214001655578613,0.04474831372499466,12.471385955810547,176.7130584716797,28.72014808654785,0.07261188328266144,1.3171199560165405,0.02211446315050125,1.6183738708496094,03418,wlasl_pkls_cropFalse_defult_shape/03418.pkl,arrest,train,4,25,1,-1
80,0.987500011920929,1.0,0.8656512498855591,0.05549312382936478,3.8730170726776123,176.16342163085938,15.5576810836792,0.14242854714393616,1.3273141384124756,0.01122026052325964,1.6332454681396484,03478,wlasl_pkls_cropFalse_defult_shape/03478.pkl,art,train,2,25,1,-1
84,0.5595238208770752,0.5952380895614624,0.8092800378799438,0.05209357291460037,3.8640263080596924,164.0592803955078,14.277544021606445,0.09936308860778809,1.3224434852600098,0.015796978026628494,2.34857177734375,00853,wlasl_pkls_cropFalse_defult_shape/00853.pkl,action,test,0,25,1,-1
55,0.4363636374473572,0.8181818127632141,0.741412341594696,0.03831576183438301,8.838496208190918,195.68246459960938,27.684946060180664,0.1013714000582695,1.3748283386230469,0.01682056114077568,2.447093963623047,02002,wlasl_pkls_cropFalse_defult_shape/02002.pkl,all,train,16,25,1,-1
56,1.0,1.0,0.9820913672447205,0.6906869411468506,1.5577656030654907,16.804046630859375,2.6480231285095215,0.1014777421951294,1.5396127700805664,0.009156621061265469,1.068532943725586,03073,wlasl_pkls_cropFalse_defult_shape/03073.pkl,appreciate,train,11,25,1,-1
64,0.859375,0.90625,0.8086549639701843,0.028559966012835503,8.010590553283691,208.16326904296875,30.747501373291016,0.09030486643314362,1.6449787616729736,0.015429840423166752,2.8233795166015625,02870,wlasl_pkls_cropFalse_defult_shape/02870.pkl,apart,train,12,25,1,-1
61,0.6721311211585999,0.9999999403953552,0.8259218335151672,0.07044923305511475,5.856387615203857,121.1377182006836,21.692157745361328,0.12905697524547577,1.527122974395752,0.010198777541518211,2.446989059448242,00338,wlasl_pkls_cropFalse_defult_shape/00338.pkl,abdomen,train,10,25,1,-1
37,1.0,1.0,0.8302804827690125,0.11880818009376526,0.8621876835823059,100.39424896240234,3.6921818256378174,0.07316692918539047,1.5188151597976685,0.008984488435089588,2.2174148559570312,02517,wlasl_pkls_cropFalse_defult_shape/02517.pkl,and,test,9,25,2383,2425
61,0.6721311211585999,0.7868852019309998,0.845718264579773,0.055692125111818314,6.89903450012207,210.0251007080078,25.530126571655273,0.09276469796895981,1.379377007484436,0.015115553513169289,1.7083415985107422,02558,wlasl_pkls_cropFalse_defult_shape/02558.pkl,angle,train,26,25,1,-1
69,0.043478261679410934,0.6086956858634949,0.737547755241394,0.04751032590866089,5.668855667114258,305.4287414550781,20.80891990661621,0.09675870835781097,1.3005603551864624,0.009060717187821865,1.0140571594238281,02697,wlasl_pkls_cropFalse_defult_shape/02697.pkl,another,train,2,25,1,-1
28,1.0,1.0,0.9632039070129395,0.5073978900909424,1.4855139255523682,27.52903938293457,2.738304615020752,0.10756488144397736,1.9054073095321655,0.022839142009615898,1.6916675567626953,00665,wlasl_pkls_cropFalse_defult_shape/00665.pkl,accomplish,val,14,25,1,-1
68,0.8088235259056091,0.8382353186607361,0.8456453084945679,0.05875947326421738,5.215466499328613,198.3002471923828,20.153121948242188,0.07981909066438675,1.4890135526657104,0.015811122953891754,3.146028518676758,03444,wlasl_pkls_cropFalse_defult_shape/03444.pkl,arrive,train,16,25,1,-1
63,0.7936508655548096,1.0,0.7850568890571594,0.03381584584712982,8.142064094543457,203.71597290039062,30.144187927246094,0.11546459794044495,1.5275954008102417,0.01563301496207714,1.9816226959228516,01471,wlasl_pkls_cropFalse_defult_shape/01471.pkl,again,train,12,25,1,-1
69,0.0,0.6521739363670349,0.740983784198761,0.026317492127418518,8.221739768981934,194.54629516601562,29.594743728637695,0.12728796899318695,1.4461203813552856,0.009040852077305317,0.7407817840576172,02706,wlasl_pkls_cropFalse_defult_shape/02706.pkl,another,train,41,25,1,-1
27,1.0,1.0,0.912874698638916,0.06862317025661469,5.148733615875244,146.60955810546875,16.314990997314453,0.12015306204557419,1.6782861948013306,0.02376774698495865,3.358682632446289,04189,wlasl_pkls_cropFalse_defult_shape/04189.pkl,australia,train,45,25,1,-1
36,1.0,1.0,0.9442477226257324,0.3692035675048828,2.1725690364837646,30.232433319091797,3.6892526149749756,0.07214793562889099,1.5584861040115356,0.026867084205150604,2.5651798248291016,04066,wlasl_pkls_cropFalse_defult_shape/04066.pkl,attract,train,14,25,1,-1
66,0.8181818723678589,1.0,0.8041506409645081,0.03549353405833244,2.777547836303711,168.88516235351562,15.627227783203125,0.1465216726064682,1.5028486251831055,0.007373798172920942,1.0293502807617188,04135,wlasl_pkls_cropFalse_defult_shape/04135.pkl,audiology,test,9,25,4821,4897
50,1.0,1.0,0.9689869284629822,0.5871918201446533,0.7680486440658569,19.313207626342773,1.827324390411377,0.11748345196247101,1.584489107131958,0.014500705525279045,3.1382713317871094,03514,wlasl_pkls_cropFalse_defult_shape/03514.pkl,artist,train,9,25,4013,4072
32,1.0,1.0,0.9566570520401001,0.6469261646270752,0.967042088508606,45.0601692199707,2.9460983276367188,0.10317690670490265,1.5809084177017212,0.014463474974036217,0.7393436431884766,01572,wlasl_pkls_cropFalse_defult_shape/01572.pkl,agree,train,9,25,1379,1418
67,1.0,1.0,0.7851769328117371,0.04273613542318344,4.561184406280518,195.78448486328125,18.813282012939453,0.08333070576190948,1.3903549909591675,0.013215802609920502,1.7008094787597656,02045,wlasl_pkls_cropFalse_defult_shape/02045.pkl,allow,train,2,25,1,-1
55,0.9999999403953552,0.9999999403953552,0.9769137501716614,0.40381211042404175,1.0923537015914917,50.21951675415039,2.874469518661499,0.10929792374372482,1.6957756280899048,0.012464267201721668,2.108480453491211,01578,wlasl_pkls_cropFalse_defult_shape/01578.pkl,agree,val,20,25,1,-1
52,1.0,1.0,0.8451778292655945,0.13405734300613403,3.552901029586792,102.8936538696289,15.905291557312012,0.08865150064229965,1.450365424156189,0.006356335245072842,0.7901496887207031,00339,wlasl_pkls_cropFalse_defult_shape/00339.pkl,abdomen,val,10,25,1,-1
55,0.9999999403953552,0.9999999403953552,0.9636255502700806,0.5245579481124878,0.8859949111938477,30.705503463745117,2.4659128189086914,0.1166893020272255,1.3467682600021362,0.011601722799241543,0.9084663391113281,03483,wlasl_pkls_cropFalse_defult_shape/03483.pkl,art,test,20,25,1,-1
84,0.6428571343421936,0.6547619104385376,0.8143842816352844,0.025995368137955666,4.717340469360352,701.9359741210938,22.07244110107422,0.07362228631973267,1.491603136062622,0.012514597736299038,0.7828292846679688,01327,wlasl_pkls_cropFalse_defult_shape/01327.pkl,affect,train,41,25,1,-1
5,1.0,1.0,0.9480976462364197,0.6211255192756653,1.5842782258987427,22.795183181762695,3.2112860679626465,0.07843368500471115,1.5678775310516357,0.017344551160931587,0.728322446346283,01429,wlasl_pkls_cropFalse_defult_shape/01429.pkl,afternoon,val,9,25,1099,1138
54,1.0,1.0,0.9784151911735535,0.4770870804786682,0.8985063433647156,27.2734317779541,2.0088841915130615,0.1023992970585823,1.5612317323684692,0.01204544398933649,0.6537558436393738,02165,wlasl_pkls_cropFalse_defult_shape/02165.pkl,already,train,10,25,1,-1
63,0.7936508655548096,0.8730159401893616,0.8744639158248901,0.04036710038781166,5.5191779136657715,201.95384216308594,22.319900512695312,0.07143794000148773,1.3306589126586914,0.015987619757652283,3.2350521087646484,02098,wlasl_pkls_cropFalse_defult_shape/02098.pkl,almost,train,24,25,1,-1
105,0.8095238208770752,1.0,0.7680600881576538,0.05918530374765396,3.0016016960144043,149.3963165283203,11.874366760253906,0.07802843302488327,1.3679536581039429,0.012834696099162102,2.3160266876220703,03093,wlasl_pkls_cropFalse_defult_shape/03093.pkl,approach,train,13,25,1,-1
55,0.9999999403953552,0.9999999403953552,0.9513710737228394,0.5146397352218628,0.748071014881134,51.383934020996094,2.2366573810577393,0.06075972318649292,1.2990736961364746,0.007364065386354923,0.5948218703269958,00419,wlasl_pkls_cropFalse_defult_shape/00419.pkl,about,train,14,25,1,-1
129,1.0,1.0,0.8622497916221619,0.04787088558077812,2.5617573261260986,165.4030303955078,10.852479934692383,0.10640332102775574,1.510495662689209,0.01554995495826006,2.344137191772461,02351,wlasl_pkls_cropFalse_defult_shape/02351.pkl,america,train,13,25,1,-1
51,1.0,1.0,0.8931631445884705,0.0317818783223629,5.774762153625488,151.5863494873047,16.804798126220703,0.10836202651262283,1.714150309562683,0.0245317742228508,4.345712661743164,01598,wlasl_pkls_cropFalse_defult_shape/01598.pkl,ahead,test,4,25,1,-1
66,1.0,1.0,0.8653460144996643,0.03789636865258217,4.4820122718811035,192.31251525878906,16.868946075439453,0.12244537472724915,1.5568578243255615,0.01245887205004692,0.8188877105712891,02111,wlasl_pkls_cropFalse_defult_shape/02111.pkl,alone,train,25,25,1,-1
84,1.0,1.0,0.8630357980728149,0.02978954277932644,4.500691890716553,194.837646484375,18.0478515625,0.10517201572656631,1.6854901313781738,0.017072992399334908,5.344654083251953,03457,wlasl_pkls_cropFalse_defult_shape/03457.pkl,arrogant,train,41,25,1,-1
44,1.0,1.0,0.9787378311157227,0.711410403251648,1.0683211088180542,20.099750518798828,2.523463010787964,0.0936293974518776,1.5081695318222046,0.019235292449593544,3.2169857025146484,00374,wlasl_pkls_cropFalse_defult_shape/00374.pkl,able,val,9,25,124,183
32,1.0,1.0,0.8271421194076538,0.07118572294712067,1.384238600730896,127.08806610107422,5.440587997436523,0.12131880223751068,1.4941816329956055,0.010593876242637634,0.8759841918945312,03637,wlasl_pkls_cropFalse_defult_shape/03637.pkl,asl,train,14,25,1,-1
66,0.696969747543335,0.8030303120613098,0.7917470932006836,0.05662243813276291,5.452085018157959,182.47796630859375,21.407426834106445,0.09659218788146973,1.3049654960632324,0.013070514425635338,0.9310334920883179,03765,wlasl_pkls_cropFalse_defult_shape/03765.pkl,assist,val,26,25,1,-1
96,1.0,1.0,0.8949508666992188,0.049531228840351105,1.687157154083252,99.5512466430664,6.396649360656738,0.1181521862745285,1.6771337985992432,0.013859990984201431,1.4967536926269531,02474,wlasl_pkls_cropFalse_defult_shape/02474.pkl,analyze,train,43,25,1,-1
62,1.0,1.0,0.8596283197402954,0.21034689247608185,2.4363315105438232,39.62085723876953,5.391361713409424,0.11599437147378922,1.5279624462127686,0.01488150842487812,1.001169204711914,03563,wlasl_pkls_cropFalse_defult_shape/03563.pkl,asia,test,38,25,1,-1
53,1.0,1.0,0.7664982080459595,0.05352918431162834,5.1362528800964355,203.13421630859375,20.448366165161133,0.09063885360956192,1.446186900138855,0.01495000347495079,1.6182594299316406,01267,wlasl_pkls_cropFalse_defult_shape/01267.pkl,adverb,train,20,25,1,-1
64,0.9375,1.0,0.7611774802207947,0.0513496920466423,4.657559871673584,712.8577880859375,20.607698440551758,0.1217963919043541,1.3865751028060913,0.011488190852105618,1.1371822357177734,03007,wlasl_pkls_cropFalse_defult_shape/03007.pkl,apple,train,24,25,1,-1
77,0.5714285969734192,0.6363636255264282,0.8227986693382263,0.027463572099804878,5.219451427459717,183.1550750732422,21.5609130859375,0.09525762498378754,1.5326136350631714,0.012914822436869144,1.3637332916259766,01024,wlasl_pkls_cropFalse_defult_shape/01024.pkl,address,train,41,25,1,-1
38,0.0,1.0,0.8196420073509216,0.09101887047290802,1.5098812580108643,126.82930755615234,8.813875198364258,0.14331863820552826,1.3873916864395142,0.007789699826389551,0.4242095947265625,04045,wlasl_pkls_cropFalse_defult_shape/04045.pkl,attitude,train,11,25,1,-1
13,1.0,1.0,0.9766387939453125,0.7001606225967407,2.102926254272461,46.01010513305664,5.193155765533447,0.09995323419570923,1.5367779731750488,0.03500724583864212,12.961220741271973,02707,wlasl_pkls_cropFalse_defult_shape/02707.pkl,answer,train,9,25,2873,2922
74,0.6351351737976074,0.5945945978164673,0.8076372742652893,0.025624942034482956,5.775875091552734,457.3167724609375,24.508663177490234,0.08907665312290192,1.4963443279266357,0.013443464413285255,1.6961174011230469,03430,wlasl_pkls_cropFalse_defult_shape/03430.pkl,arrest,train,41,25,1,-1
57,0.0,0.8245614171028137,0.7758059501647949,0.04113691672682762,2.5560152530670166,160.45838928222656,8.977959632873535,0.1275361180305481,1.415473222732544,0.012001030147075653,0.4880504608154297,03002,wlasl_pkls_cropFalse_defult_shape/03002.pkl,apple,train,36,25,1,-1
55,0.9999999403953552,0.9999999403953552,0.9487794637680054,0.40058985352516174,0.7358689308166504,27.34990692138672,1.9343006610870361,0.055927861481904984,1.3433414697647095,0.011493412777781487,1.9048047065734863,02094,wlasl_pkls_cropFalse_defult_shape/02094.pkl,almost,val,20,25,1,-1
27,1.0,1.0,0.8183585405349731,0.055626481771469116,8.053573608398438,166.56202697753906,30.595327377319336,0.11448131501674652,1.3996926546096802,0.007691701874136925,0.4545478820800781,03602,wlasl_pkls_cropFalse_defult_shape/03602.pkl,ask,train,14,25,1,-1
38,1.0,1.0,0.802562415599823,0.03930680826306343,3.235109567642212,166.2274932861328,17.576303482055664,0.09880415350198746,1.5432924032211304,0.009457998909056187,0.9929046630859375,01551,wlasl_pkls_cropFalse_defult_shape/01551.pkl,ago,train,9,25,1336,1378
33,1.0,1.0,0.9412716627120972,0.3408886194229126,1.2054007053375244,27.280183792114258,2.715247869491577,0.1258387416601181,1.375122308731079,0.010592566803097725,0.7729476690292358,03484,wlasl_pkls_cropFalse_defult_shape/03484.pkl,art,train,11,25,1,-1
24,1.0,1.0,0.8159155249595642,0.048451054841279984,2.931429624557495,125.75023651123047,13.293510437011719,0.15353955328464508,1.5921077728271484,0.013661558739840984,2.2220726013183594,02818,wlasl_pkls_cropFalse_defult_shape/02818.pkl,any,train,9,25,2923,2955
47,0.7446808218955994,0.8510637879371643,0.8593719601631165,0.04910671338438988,6.598080158233643,198.3681640625,23.99974250793457,0.09504187852144241,1.4235526323318481,0.017194712534546852,2.1439590454101562,04075,wlasl_pkls_cropFalse_defult_shape/04075.pkl,attract,val,49,25,1,-1
43,0.0,1.0,0.812721312046051,0.025674719363451004,3.801166534423828,224.74436950683594,19.917016983032227,0.11280269175767899,1.3790371417999268,0.01028199028223753,1.444914698600769,01489,wlasl_pkls_cropFalse_defult_shape/01489.pkl,age,test,10,25,1,-1
84,1.0,1.0,0.7627896070480347,0.05574999004602432,3.9765748977661133,190.60557556152344,16.22355842590332,0.06523610651493073,1.312980055809021,0.011976711452007294,0.8017539978027344,01832,wlasl_pkls_cropFalse_defult_shape/01832.pkl,alcohol,train,15,25,1,-1
49,1.0,1.0,0.9834832549095154,0.6533985137939453,0.6772036552429199,14.764822959899902,1.8154836893081665,0.10111849755048752,1.6756070852279663,0.011661890894174576,2.071317672729492,04110,wlasl_pkls_cropFalse_defult_shape/04110.pkl,audience,train,9,25,4674,4730
97,0.9793814420700073,0.9999999403953552,0.839103102684021,0.058518186211586,6.1227335929870605,198.02011108398438,24.657142639160156,0.022268841043114662,1.3160804510116577,0.011087802238762379,0.566070556640625,04295,wlasl_pkls_cropFalse_defult_shape/04295.pkl,autumn,test,49,25,1,-1
52,0.6538462042808533,0.634615421295166,0.8078155517578125,0.03833167999982834,7.028388500213623,278.9991455078125,25.429712295532227,0.08195209503173828,1.418634057044983,0.015796246007084846,2.3941116333007812,04005,wlasl_pkls_cropFalse_defult_shape/04005.pkl,attend,train,5,25,1,-1
56,1.0,1.0,0.8415831327438354,0.09126526117324829,0.5726557374000549,7.189531326293945,0.7703859806060791,0.138986274600029,1.6268173456192017,0.006891648750752211,0.5147247314453125,04139,wlasl_pkls_cropFalse_defult_shape/04139.pkl,audiology,train,11,25,1,-1
40,0.0,1.0,0.8232696056365967,0.08103242516517639,2.1388041973114014,135.85693359375,12.432538032531738,0.11208298802375793,1.3095306158065796,0.009841201826930046,1.2776484489440918,02110,wlasl_pkls_cropFalse_defult_shape/02110.pkl,alone,train,11,25,1,-1
58,0.0,0.6896551847457886,0.7449235916137695,0.03719975799322128,8.074443817138672,234.2379913330078,27.17691421508789,0.13480450212955475,1.3934156894683838,0.010583224706351757,1.4052543640136719,03006,wlasl_pkls_cropFalse_defult_shape/03006.pkl,apple,train,5,25,1,-1
128,0.8359375,0.953125,0.7867430448532104,0.06720808893442154,2.4908854961395264,1280.7896728515625,17.65471839904785,0.09462499618530273,1.4315993785858154,0.00892539694905281,1.0801544189453125,01266,wlasl_pkls_cropFalse_defult_shape/01266.pkl,adverb,train,13,25,1,-1
41,0.9999999403953552,0.9999999403953552,0.9154236912727356,0.3186071217060089,1.0079764127731323,32.82761001586914,2.3388757705688477,0.0935865193605423,1.388504981994629,0.007275716867297888,0.6356658935546875,03441,wlasl_pkls_cropFalse_defult_shape/03441.pkl,arrive,val,11,25,1,-1
49,1.0,1.0,0.8093774318695068,0.026026835665106773,4.977967262268066,193.9950408935547,24.129440307617188,0.09233690798282623,1.5253105163574219,0.007296623196452856,1.6503677368164062,01721,wlasl_pkls_cropFalse_defult_shape/01721.pkl,airplane,test,9,25,1472,1528
50,1.0,1.0,0.8050436973571777,0.05200749635696411,2.393908977508545,113.9521484375,9.30780029296875,0.08361084014177322,1.3777638673782349,0.012992415577173233,2.397275924682617,01390,wlasl_pkls_cropFalse_defult_shape/01390.pkl,africa,train,20,25,1,-1
53,0.6415094137191772,0.6792452931404114,0.7462839484214783,0.03918443247675896,6.4951605796813965,201.1973114013672,24.445302963256836,0.10639150440692902,1.3678102493286133,0.009884950704872608,0.777862548828125,03343,wlasl_pkls_cropFalse_defult_shape/03343.pkl,arm,val,44,25,1,-1
85,0.6941176652908325,0.8588235378265381,0.7651875019073486,0.025236573070287704,3.87711501121521,208.69198608398438,15.954485893249512,0.11515014618635178,1.545300006866455,0.010322368703782558,0.8847980499267578,01217,wlasl_pkls_cropFalse_defult_shape/01217.pkl,adult,train,41,25,1,-1
55,0.9999999403953552,0.9999999403953552,0.983572781085968,0.7763364315032959,0.40651237964630127,10.440306663513184,0.9149776101112366,0.07681971043348312,1.513152837753296,0.008352634496986866,1.0466974973678589,03363,wlasl_pkls_cropFalse_defult_shape/03363.pkl,army,train,20,25,1,-1
89,1.0,1.0,0.8671671152114868,0.050472889095544815,2.648540496826172,149.10365295410156,12.617833137512207,0.098170205950737,1.5712894201278687,0.012200633063912392,1.2964935302734375,03362,wlasl_pkls_cropFalse_defult_shape/03362.pkl,army,test,13,25,1,-1
131,1.0,1.0,0.8362629413604736,0.04927516728639603,2.10064959526062,123.95349884033203,11.358283042907715,0.07704179733991623,1.4973976612091064,0.010711745359003544,1.7668399810791016,02583,wlasl_pkls_cropFalse_defult_shape/02583.pkl,animal,train,19,25,1,-1
34,1.0,1.0,0.9501737952232361,0.42861682176589966,0.7544471621513367,24.544918060302734,2.0561411380767822,0.08391624689102173,1.4579776525497437,0.02137191779911518,13.70058822631836,02041,wlasl_pkls_cropFalse_defult_shape/02041.pkl,allow,train,9,25,1762,1801
76,0.25,0.6184210777282715,0.747531533241272,0.02627348154783249,5.697818279266357,182.23358154296875,23.67925262451172,0.09188085049390793,1.4754979610443115,0.009035661816596985,0.8553943634033203,01127,wlasl_pkls_cropFalse_defult_shape/01127.pkl,admit,train,41,25,1,-1
96,1.0,1.0,0.8468000888824463,0.0489078164100647,3.6827008724212646,162.33779907226562,13.824211120605469,0.10106930136680603,1.5374811887741089,0.01522776484489441,1.0523567199707031,00847,wlasl_pkls_cropFalse_defult_shape/00847.pkl,act,train,13,25,1,-1
38,1.0,1.0,0.9677470326423645,0.4669702649116516,0.9205217957496643,21.20979881286621,1.8916289806365967,0.11961999535560608,1.562963843345642,0.010520260781049728,0.5942802429199219,02561,wlasl_pkls_cropFalse_defult_shape/02561.pkl,angle,val,11,25,1,-1
64,0.625,0.796875,0.8228082656860352,0.04767952114343643,5.727059364318848,193.25027465820312,20.80698585510254,0.08699437230825424,1.3832892179489136,0.014401836320757866,1.3512821197509766,01964,wlasl_pkls_cropFalse_defult_shape/01964.pkl,allergy,train,24,25,1,-1
23,1.0,1.0,0.9754164814949036,0.618990421295166,0.6710914969444275,10.453729629516602,1.260942816734314,0.06056217849254608,1.4343798160552979,0.013685176149010658,4.124687194824219,02607,wlasl_pkls_cropFalse_defult_shape/02607.pkl,anniversary,train,9,25,2647,2726
28,1.0,1.0,0.925159215927124,0.3433981239795685,2.185441017150879,31.560508728027344,3.4947710037231445,0.1164342612028122,1.6091859340667725,0.017458375543355942,1.116278052330017,04303,wlasl_pkls_cropFalse_defult_shape/04303.pkl,available,train,20,25,1,-1
83,0.7228915691375732,0.9638553857803345,0.8263960480690002,0.04048014432191849,3.252737283706665,172.553955078125,13.949769020080566,0.07238304615020752,1.3906118869781494,0.01197919249534607,1.219289779663086,01986,wlasl_pkls_cropFalse_defult_shape/01986.pkl,all,test,2,25,1,-1
62,0.9838709235191345,0.8064515590667725,0.8716857433319092,0.040788277983665466,3.985260486602783,202.35525512695312,14.255393981933594,0.07213234901428223,1.5579216480255127,0.017713196575641632,3.323589324951172,01020,wlasl_pkls_cropFalse_defult_shape/01020.pkl,address,train,5,25,1,-1
98,0.1428571343421936,0.8979591727256775,0.7467814087867737,0.05438680201768875,3.4405717849731445,298.4272155761719,15.445823669433594,0.11678218096494675,1.3999216556549072,0.011461818590760231,1.9817676544189453,01727,wlasl_pkls_cropFalse_defult_shape/01727.pkl,airplane,train,13,25,1,-1
53,1.0,1.0,0.848491907119751,0.044050801545381546,4.896427154541016,2116.333740234375,32.75260925292969,0.10774435102939606,1.672055959701538,0.018853111192584038,2.878070831298828,02542,wlasl_pkls_cropFalse_defult_shape/02542.pkl,angel,train,22,25,1,-1
77,1.0,1.0,0.7938718795776367,0.05957087501883507,5.816856384277344,172.80126953125,23.010942459106445,0.09140519797801971,1.374598503112793,0.012640492990612984,1.0490188598632812,04226,wlasl_pkls_cropFalse_defult_shape/04226.pkl,authority,test,53,25,1,-1
66,0.6515151858329773,0.7121212482452393,0.8318188190460205,0.039246175438165665,6.233512878417969,219.66468811035156,23.721832275390625,0.08653949201107025,1.4408084154129028,0.018312837928533554,2.427532196044922,00902,wlasl_pkls_cropFalse_defult_shape/00902.pkl,actor,train,5,25,1,-1
28,1.0,1.0,0.9653628468513489,0.4830169081687927,1.7183104753494263,23.774782180786133,2.603116035461426,0.12586376070976257,1.5410678386688232,0.01592358388006687,1.3470897674560547,04118,wlasl_pkls_cropFalse_defult_shape/04118.pkl,audience,train,11,25,1,-1
84,1.0,1.0,0.7981904745101929,0.02757876366376877,10.008576393127441,18301.966796875,277.00433349609375,0.11231989413499832,1.6031427383422852,0.01473585981875658,2.4379425048828125,00858,wlasl_pkls_cropFalse_defult_shape/00858.pkl,action,train,12,25,1,-1
32,1.0,1.0,0.9843488335609436,0.7318868637084961,1.6472587585449219,23.853721618652344,2.8203253746032715,0.11292114853858948,1.8617185354232788,0.01657125912606716,1.5333881378173828,01228,wlasl_pkls_cropFalse_defult_shape/01228.pkl,advanced,train,14,25,1,-1
39,1.0,1.0,0.8456888198852539,0.04658738523721695,6.1653313636779785,167.47119140625,20.7000675201416,0.08715218305587769,1.3830307722091675,0.017788825556635857,5.357244491577148,00963,wlasl_pkls_cropFalse_defult_shape/00963.pkl,add,train,32,25,1,-1
83,0.6144577860832214,0.9638553857803345,0.8075383901596069,0.0346180722117424,6.255461692810059,243.53567504882812,26.09552574157715,0.09687358140945435,1.6181470155715942,0.013815839774906635,2.4128036499023438,00426,wlasl_pkls_cropFalse_defult_shape/00426.pkl,about,train,12,25,1,-1
40,1.0,1.0,0.8267853260040283,0.0701259896159172,0.990851640701294,101.78788757324219,3.529758930206299,0.11304465681314468,1.5520503520965576,0.01023357268422842,3.277130126953125,02173,wlasl_pkls_cropFalse_defult_shape/02173.pkl,also,test,9,25,2056,2105
61,0.9999999403953552,0.9999999403953552,0.886516809463501,0.045536018908023834,6.298768520355225,182.26332092285156,23.822265625,0.09511654078960419,1.4658797979354858,0.016029730439186096,2.772674560546875,03129,wlasl_pkls_cropFalse_defult_shape/03129.pkl,approve,train,30,25,1,-1
84,0.5833333730697632,0.9642857313156128,0.7953565120697021,0.04671867564320564,3.4016482830047607,911.9002075195312,19.717138290405273,0.11203978210687637,1.3625342845916748,0.009934550151228905,0.8550863265991211,01801,wlasl_pkls_cropFalse_defult_shape/01801.pkl,alarm,val,29,25,1,-1
52,0.07692307978868484,0.7692307829856873,0.7411543130874634,0.04565385729074478,11.096858978271484,205.31890869140625,35.49953079223633,0.10009187459945679,1.385306715965271,0.01333396602421999,2.325847625732422,01733,wlasl_pkls_cropFalse_defult_shape/01733.pkl,airplane,train,16,25,1,-1
30,0.0,1.0,0.810128927230835,0.03657132014632225,6.102867126464844,214.47024536132812,27.569534301757812,0.09659092873334885,1.4728349447250366,0.013165420852601528,0.9503917694091797,01558,wlasl_pkls_cropFalse_defult_shape/01558.pkl,ago,train,11,25,1,-1
60,1.0,1.0,0.7757132053375244,0.04998099058866501,3.9464263916015625,171.3794708251953,15.236907958984375,0.1035570353269577,1.4890068769454956,0.01879689283668995,1.7144699096679688,01422,wlasl_pkls_cropFalse_defult_shape/01422.pkl,after,test,13,25,1,-1
75,0.7200000286102295,1.0,0.7763622403144836,0.0265314020216465,3.7135326862335205,144.84889221191406,15.82589054107666,0.10344266891479492,1.6495718955993652,0.010384615510702133,1.8567752838134766,01011,wlasl_pkls_cropFalse_defult_shape/01011.pkl,address,val,42,25,1,-1
70,0.6714285612106323,0.9428571462631226,0.8014461398124695,0.03197237849235535,4.943784713745117,224.0864715576172,21.659761428833008,0.07494483888149261,1.5178718566894531,0.01284191943705082,1.4537849426269531,03344,wlasl_pkls_cropFalse_defult_shape/03344.pkl,arm,train,12,25,1,-1
23,0.0,1.0,0.8202561140060425,0.08297640085220337,0.8420707583427429,17.029386520385742,1.4827805757522583,0.08219216018915176,1.3260382413864136,0.0076454998925328255,0.3933694362640381,00633,wlasl_pkls_cropFalse_defult_shape/00633.pkl,accident,train,11,25,1,-1
85,0.5058823823928833,0.8352941274642944,0.7404711842536926,0.031682662665843964,5.964239120483398,556.3502807617188,25.43953514099121,0.1364554762840271,1.6566218137741089,0.010743197053670883,1.5927276611328125,03642,wlasl_pkls_cropFalse_defult_shape/03642.pkl,asl,train,12,25,1,-1
81,0.17283950746059418,1.0,0.7303076386451721,0.054032087326049805,4.174908638000488,174.75169372558594,16.551753997802734,0.10570338368415833,1.2808926105499268,0.00944452453404665,0.9106186032295227,04040,wlasl_pkls_cropFalse_defult_shape/04040.pkl,attitude,val,2,25,1,-1
70,1.0,1.0,0.8037786483764648,0.049224693328142166,5.319635391235352,151.74684143066406,17.79127311706543,0.08676405251026154,1.3883156776428223,0.01831809990108013,2.8062667846679688,00868,wlasl_pkls_cropFalse_defult_shape/00868.pkl,active,test,26,25,1,-1
76,0.6447368264198303,0.0,0.7682318687438965,0.043772272765636444,3.5192432403564453,448.4775085449219,17.780176162719727,0.03662075102329254,1.3326046466827393,0.007683051750063896,0.5934486389160156,02103,wlasl_pkls_cropFalse_defult_shape/02103.pkl,alone,train,26,25,1,-1
54,0.8333333134651184,0.8703703880310059,0.8237805366516113,0.06300961226224899,5.342399597167969,203.0769805908203,15.064872741699219,0.07602491229772568,1.444635272026062,0.020309485495090485,3.3943958282470703,00841,wlasl_pkls_cropFalse_defult_shape/00841.pkl,across,train,16,25,1,-1
46,1.0,1.0,0.869462251663208,0.045117273926734924,6.4058918952941895,162.8365020751953,17.638986587524414,0.06775224953889847,1.3420690298080444,0.021138379350304604,1.9107303619384766,03102,wlasl_pkls_cropFalse_defult_shape/03102.pkl,appropriate,train,4,25,1,-1
58,1.0,1.0,0.8280484080314636,0.03683459013700485,4.44153356552124,198.42848205566406,18.024290084838867,0.08422219753265381,1.6264628171920776,0.013185273855924606,0.9761619567871094,01021,wlasl_pkls_cropFalse_defult_shape/01021.pkl,address,val,25,25,1,-1
45,1.0,1.0,0.9505033493041992,0.5520177483558655,1.4477308988571167,27.20486068725586,2.932697296142578,0.020391730591654778,1.3660434484481812,0.010019773617386818,0.7608966827392578,04294,wlasl_pkls_cropFalse_defult_shape/04294.pkl,autumn,train,11,25,1,-1
66,0.7727273106575012,0.7727273106575012,0.849609911441803,0.038495711982250214,6.663309097290039,222.35491943359375,28.51961898803711,0.07716049998998642,1.4169063568115234,0.01642557419836521,2.09552001953125,01469,wlasl_pkls_cropFalse_defult_shape/01469.pkl,again,train,5,25,1,-1
55,0.9999999403953552,0.9999999403953552,0.7932921648025513,0.03434641659259796,5.184281826019287,178.76260375976562,18.683685302734375,0.14135225117206573,1.5609376430511475,0.014138994738459587,0.8992919921875,02705,wlasl_pkls_cropFalse_defult_shape/02705.pkl,another,train,25,25,1,-1
72,0.0,0.8055555820465088,0.748620867729187,0.03410476818680763,5.886937618255615,198.85772705078125,20.138917922973633,0.118674136698246,1.3988544940948486,0.013265593908727169,2.101407766342163,02999,wlasl_pkls_cropFalse_defult_shape/02999.pkl,apple,val,37,25,1,-1
100,0.6800000071525574,0.7299999594688416,0.8114861249923706,0.05617666244506836,3.412881851196289,968.6767578125,17.64580535888672,0.08971253037452698,1.3255279064178467,0.01392817497253418,1.600341796875,03515,wlasl_pkls_cropFalse_defult_shape/03515.pkl,artist,train,0,25,1,-1
23,1.0,1.0,0.9388560056686401,0.44945308566093445,0.8178750872612,23.81960105895996,2.0539817810058594,0.08081598579883575,1.5489128828048706,0.015323220752179623,3.6236610412597656,03100,wlasl_pkls_cropFalse_defult_shape/03100.pkl,appropriate,train,9,25,3377,3426
85,0.08235294371843338,0.800000011920929,0.7340076565742493,0.061502132564783096,4.355874061584473,412.41064453125,17.231775283813477,0.06809704005718231,1.28167724609375,0.009248045273125172,0.9181308746337891,03234,wlasl_pkls_cropFalse_defult_shape/03234.pkl,area,train,2,25,1,-1
55,0.9999999403953552,0.9999999403953552,0.9775374531745911,0.6233729720115662,0.7757399678230286,13.043119430541992,1.5208346843719482,0.08766212314367294,1.5606601238250732,0.010928239673376083,2.162515640258789,02348,wlasl_pkls_cropFalse_defult_shape/02348.pkl,america,train,9,25,2169,2255
111,0.954954981803894,1.0,0.8110347390174866,0.04691010341048241,3.560638904571533,1295.0386962890625,23.679670333862305,0.09998513013124466,1.4535038471221924,0.018402498215436935,1.4592552185058594,00690,wlasl_pkls_cropFalse_defult_shape/00690.pkl,accountant,train,13,25,1,-1
73,0.8630136847496033,0.9863013625144958,0.7875308990478516,0.03350183367729187,5.921464443206787,212.70474243164062,23.798255920410156,0.10607331991195679,1.6012800931930542,0.01595899648964405,2.317432403564453,02483,wlasl_pkls_cropFalse_defult_shape/02483.pkl,analyze,val,12,25,1,-1
71,0.5211267471313477,0.9154929518699646,0.7411623001098633,0.03451774641871452,7.010898590087891,206.5998077392578,26.20939064025879,0.13595083355903625,1.6193825006484985,0.012624199502170086,1.251932144165039,04163,wlasl_pkls_cropFalse_defult_shape/04163.pkl,august,train,12,25,1,-1
55,0.9999999403953552,0.9999999403953552,0.9159766435623169,0.3326117992401123,2.0559775829315186,51.825008392333984,5.149590492248535,0.13029377162456512,1.4577645063400269,0.01569247804582119,1.6919746398925781,04220,wlasl_pkls_cropFalse_defult_shape/04220.pkl,author,train,20,25,1,-1
48,1.0,1.0,0.917168915271759,0.02933340333402157,2.8008651733398438,139.51483154296875,8.716116905212402,0.10712878406047821,1.6875132322311401,0.014670966193079948,1.0613269805908203,02434,wlasl_pkls_cropFalse_defult_shape/02434.pkl,amputate,train,11,25,1,-1
56,1.0,1.0,0.9314837455749512,0.38836753368377686,0.7911370396614075,19.87091636657715,1.9090279340744019,0.09656844288110733,1.5458362102508545,0.009367345832288265,0.9256153106689453,00838,wlasl_pkls_cropFalse_defult_shape/00838.pkl,across,test,20,25,1,-1
80,1.0,1.0,0.9401744604110718,0.25387322902679443,2.4863836765289307,37.507598876953125,4.302176475524902,0.08626779913902283,1.5530848503112793,0.019265741109848022,3.2335205078125,02616,wlasl_pkls_cropFalse_defult_shape/02616.pkl,anniversary,train,41,25,1,-1
32,1.0,1.0,0.9840075373649597,0.5568790435791016,1.3760480880737305,23.411405563354492,2.6470694541931152,0.11673039197921753,1.9065608978271484,0.016134124249219894,1.7807140350341797,00666,wlasl_pkls_cropFalse_defult_shape/00666.pkl,accomplish,train,11,25,1,-1
79,0.9367088675498962,1.0,0.8034994602203369,0.02202621102333069,3.989560604095459,180.7515411376953,18.578779220581055,0.09548058360815048,1.5191192626953125,0.013136389665305614,0.9836826324462891,02052,wlasl_pkls_cropFalse_defult_shape/02052.pkl,allow,train,41,25,1,-1
83,0.7710843086242676,0.8554216623306274,0.778148353099823,0.05754421278834343,4.1751708984375,306.7638854980469,15.700990676879883,0.10259614139795303,1.3904786109924316,0.013935413211584091,1.2002484798431396,02699,wlasl_pkls_cropFalse_defult_shape/02699.pkl,another,val,13,25,1,-1
43,0.1860465109348297,0.8837209343910217,0.7790842652320862,0.04598227143287659,7.120014190673828,219.8893280029297,23.514799118041992,0.1272393763065338,1.4479588270187378,0.01404489204287529,2.991079330444336,04041,wlasl_pkls_cropFalse_defult_shape/04041.pkl,attitude,train,4,25,1,-1
36,1.0,1.0,0.9839798808097839,0.6745923757553101,1.647587537765503,26.0,3.323503255844116,0.06713034957647324,1.3505949974060059,0.017588581889867783,0.7739791870117188,02130,wlasl_pkls_cropFalse_defult_shape/02130.pkl,a lot,val,11,25,1,-1
74,0.6756756901741028,0.662162184715271,0.8507982492446899,0.036982063204050064,4.847725868225098,208.35763549804688,19.682785034179688,0.09103195369243622,1.549871563911438,0.018020784482359886,3.6111679077148438,02575,wlasl_pkls_cropFalse_defult_shape/02575.pkl,angry,train,5,25,1,-1
106,0.6415094137191772,0.990566074848175,0.7780095338821411,0.05506076291203499,2.481473445892334,156.37486267089844,12.46491813659668,0.0826721265912056,1.379955530166626,0.01091675739735365,1.0428905487060547,01418,wlasl_pkls_cropFalse_defult_shape/01418.pkl,after,train,2,25,1,-1
64,0.625,0.84375,0.8009154200553894,0.03479686751961708,5.527621746063232,202.81585693359375,22.307249069213867,0.10672184079885483,1.5235676765441895,0.014333619736135006,1.1238822937011719,01653,wlasl_pkls_cropFalse_defult_shape/01653.pkl,aim,train,12,25,1,-1
58,1.0,1.0,0.8367825746536255,0.037487149238586426,6.178593158721924,159.3769989013672,19.5621395111084,0.10401713103055954,1.4786474704742432,0.02205611579120159,1.8220367431640625,04131,wlasl_pkls_cropFalse_defult_shape/04131.pkl,audiologist,train,14,25,1,-1
84,0.738095223903656,0.8928571343421936,0.7955740094184875,0.02661316655576229,6.223752021789551,182.16744995117188,25.643186569213867,0.08014378696680069,1.4915225505828857,0.01410299725830555,1.3554553985595703,01381,wlasl_pkls_cropFalse_defult_shape/01381.pkl,afraid,train,41,25,1,-1
55,0.9999999403953552,0.9999999403953552,0.7756772041320801,0.03795187920331955,6.183172702789307,205.61343383789062,24.79401397705078,0.10291042178869247,1.2834147214889526,0.010289326310157776,4.358903884887695,03566,wlasl_pkls_cropFalse_defult_shape/03566.pkl,asia,train,20,25,1,-1
56,1.0,1.0,0.9585705399513245,0.3763688802719116,0.9123192429542542,62.51559829711914,3.0564615726470947,0.07404792308807373,1.497406005859375,0.012066377326846123,2.7671585083007812,01959,wlasl_pkls_cropFalse_defult_shape/01959.pkl,allergy,test,14,25,1,-1
99,0.7171717286109924,1.0,0.8068812489509583,0.057838279753923416,3.1295785903930664,159.4980926513672,13.478530883789062,0.07482118904590607,1.3698153495788574,0.012495073489844799,1.3762149810791016,02485,wlasl_pkls_cropFalse_defult_shape/02485.pkl,anatomy,val,33,25,1,-1
31,0.0,0.9032257795333862,0.801372766494751,0.04803859069943428,7.311195373535156,172.19981384277344,22.239360809326172,0.09701583534479141,1.414190649986267,0.017131507396697998,1.0822612047195435,00628,wlasl_pkls_cropFalse_defult_shape/00628.pkl,accident,train,6,25,1,-1
49,1.0,1.0,0.9283121228218079,0.39643943309783936,0.8363474607467651,23.70418930053711,2.2705228328704834,0.13563960790634155,1.5267280340194702,0.013096003793179989,1.5753059387207031,03750,wlasl_pkls_cropFalse_defult_shape/03750.pkl,assist,test,9,25,4186,4242
55,0.9999999403953552,0.9999999403953552,0.9753507375717163,0.5167158246040344,0.7712026834487915,33.25143051147461,2.031073570251465,0.09787213057279587,1.565720558166504,0.012315019965171814,0.8143768310546875,00598,wlasl_pkls_cropFalse_defult_shape/00598.pkl,accept,train,20,25,1,-1
34,0.05882352963089943,1.0,0.8279731273651123,0.07973437011241913,0.8927046656608582,8.965688705444336,1.292599081993103,0.155938982963562,1.3720678091049194,0.006542004179209471,0.4696617126464844,04044,wlasl_pkls_cropFalse_defult_shape/04044.pkl,attitude,train,11,25,1,-1
76,1.0,1.0,0.8179451823234558,0.047402821481227875,8.647934913635254,194.69952392578125,32.24757766723633,0.10524362325668335,1.61725914478302,0.012907572090625763,2.5576210021972656,02487,wlasl_pkls_cropFalse_defult_shape/02487.pkl,anatomy,train,15,25,1,-1
59,0.0,0.8305084705352783,0.7827598452568054,0.041412901133298874,2.329288959503174,200.6742401123047,7.684413909912109,0.1285359263420105,1.401804804801941,0.01397879421710968,1.1942095756530762,02873,wlasl_pkls_cropFalse_defult_shape/02873.pkl,apartment,train,36,25,1,-1
71,1.0,1.0,0.8362006545066833,0.046009525656700134,3.805704116821289,155.10018920898438,15.19135570526123,0.07616408169269562,1.419812560081482,0.015871670097112656,3.604246139526367,02540,wlasl_pkls_cropFalse_defult_shape/02540.pkl,angel,train,26,25,1,-1
82,0.6097560524940491,0.6219512224197388,0.8138019442558289,0.04020898416638374,2.5574707984924316,142.30056762695312,5.624812126159668,0.09102603048086166,1.4381901025772095,0.015115831978619099,0.882049560546875,03057,wlasl_pkls_cropFalse_defult_shape/03057.pkl,appointment,train,36,25,1,-1
78,1.0,1.0,0.8756647706031799,0.046896595507860184,4.40123176574707,154.59536743164062,17.385986328125,0.09887217730283737,1.6066068410873413,0.01401341799646616,1.2164688110351562,02491,wlasl_pkls_cropFalse_defult_shape/02491.pkl,anatomy,train,25,25,1,-1
74,0.5810810923576355,1.0,0.7324841618537903,0.030558153986930847,5.741319179534912,1359.4998779296875,31.709531784057617,0.14183871448040009,1.645909309387207,0.011103248223662376,2.2697067260742188,03008,wlasl_pkls_cropFalse_defult_shape/03008.pkl,apple,train,12,25,1,-1
56,0.6428571939468384,0.6428571939468384,0.807176411151886,0.041270799934864044,4.735506534576416,179.18341064453125,20.54389762878418,0.07542361319065094,1.332112193107605,0.01232778187841177,0.7159500122070312,00376,wlasl_pkls_cropFalse_defult_shape/00376.pkl,able,test,2,25,1,-1
22,1.0,1.0,0.9081528782844543,0.4087316393852234,0.9163546562194824,18.303787231445312,2.3272883892059326,0.07391231507062912,1.5073555707931519,0.014107839204370975,4.117147445678711,03434,wlasl_pkls_cropFalse_defult_shape/03434.pkl,arrive,val,9,25,3873,3919
91,0.010989011265337467,0.5164835453033447,0.7212184071540833,0.02943156659603119,8.44674301147461,2873.122314453125,50.71662902832031,0.1199125349521637,1.4606412649154663,0.007570092100650072,0.6283798217773438,02112,wlasl_pkls_cropFalse_defult_shape/02112.pkl,alone,train,41,25,1,-1
72,0.6805555820465088,0.819444477558136,0.8352738618850708,0.0332397036254406,4.1890740394592285,176.66738891601562,16.411855697631836,0.08973141014575958,1.5373865365982056,0.016310470178723335,1.2247962951660156,03763,wlasl_pkls_cropFalse_defult_shape/03763.pkl,assistant,train,12,25,1,-1
28,0.0,1.0,0.8208938837051392,0.04240702465176582,1.3895623683929443,226.6023712158203,6.901731491088867,0.13734017312526703,1.4016920328140259,0.006774936802685261,0.6860466003417969,02915,wlasl_pkls_cropFalse_defult_shape/02915.pkl,apostrophe,train,11,25,1,-1
63,1.0,1.0,0.8767797350883484,0.0312800332903862,6.147861957550049,203.8794708251953,23.15712547302246,0.1152440533041954,1.62416672706604,0.01800697296857834,1.814676284790039,01581,wlasl_pkls_cropFalse_defult_shape/01581.pkl,agree,test,30,25,1,-1
73,0.0,1.0,0.7468880414962769,0.04814750701189041,7.8987040519714355,196.8682098388672,29.17612648010254,0.09293313324451447,1.36212956905365,0.009458172135055065,0.9767131805419922,01998,wlasl_pkls_cropFalse_defult_shape/01998.pkl,all,train,7,25,1,-1
56,1.0,1.0,0.9732662439346313,0.360721230506897,1.775448203086853,28.035629272460938,3.1498706340789795,0.097413569688797,1.5126959085464478,0.014121891930699348,1.2052326202392578,00894,wlasl_pkls_cropFalse_defult_shape/00894.pkl,activity,train,10,25,1,-1
89,0.0,0.7865168452262878,0.7484973669052124,0.030882054939866066,4.949048042297363,330.9115905761719,17.283775329589844,0.13355673849582672,1.4521387815475464,0.009809310548007488,1.8232593536376953,03000,wlasl_pkls_cropFalse_defult_shape/03000.pkl,apple,train,28,25,1,-1
23,0.52173912525177,1.0,0.7862108945846558,0.05797804892063141,10.895195007324219,198.13119506835938,27.804101943969727,0.07778357714414597,1.3699253797531128,0.01879255473613739,0.9113292694091797,02874,wlasl_pkls_cropFalse_defult_shape/02874.pkl,apartment,val,45,25,1,-1
37,0.0,1.0,0.7867491245269775,0.054707325994968414,2.516613483428955,168.1370086669922,16.076025009155273,0.0953575149178505,1.323001503944397,0.0061593251302838326,0.4352046251296997,01268,wlasl_pkls_cropFalse_defult_shape/01268.pkl,adverb,train,11,25,1,-1
48,1.0,1.0,0.9438226819038391,0.45616060495376587,1.8291188478469849,24.036880493164062,3.221635580062866,0.14087165892124176,1.8411030769348145,0.02113763615489006,3.215108871459961,00871,wlasl_pkls_cropFalse_defult_shape/00871.pkl,active,train,10,25,1,-1
28,1.0,1.0,0.9586561322212219,0.5598316192626953,1.7066960334777832,21.017976760864258,2.4077672958374023,0.07784268260002136,1.399652123451233,0.016206417232751846,0.7433064579963684,02853,wlasl_pkls_cropFalse_defult_shape/02853.pkl,anyway,train,20,25,1,-1
64,0.96875,1.0,0.7826007604598999,0.02694489061832428,12.135891914367676,516.337646484375,39.98570251464844,0.09977110475301743,1.6347503662109375,0.01209583692252636,2.4159908294677734,01216,wlasl_pkls_cropFalse_defult_shape/01216.pkl,adult,train,30,25,1,-1
80,1.0,1.0,0.814189612865448,0.054218847304582596,2.930732488632202,137.3040008544922,12.237573623657227,0.08548934757709503,1.2590556144714355,0.010075383819639683,0.8679684400558472,02232,wlasl_pkls_cropFalse_defult_shape/02232.pkl,always,train,20,25,1,-1
74,1.0,1.0,0.8045465350151062,0.032035842537879944,6.056666374206543,194.81353759765625,22.594501495361328,0.12219303846359253,1.7368663549423218,0.018543045967817307,2.4615020751953125,04123,wlasl_pkls_cropFalse_defult_shape/04123.pkl,audience,train,12,25,1,-1
74,1.0,1.0,0.8432408571243286,0.03535233438014984,5.212186813354492,197.36871337890625,18.488285064697266,0.10288786888122559,1.6532173156738281,0.0150379603728652,1.486867904663086,03070,wlasl_pkls_cropFalse_defult_shape/03070.pkl,appreciate,train,21,25,1,-1
70,1.0,1.0,0.8455951809883118,0.06661289185285568,4.539862155914307,156.77084350585938,15.039196968078613,0.061809517443180084,1.3231977224349976,0.016128767281770706,1.9656963348388672,00636,wlasl_pkls_cropFalse_defult_shape/00636.pkl,accident,train,18,25,1,-1
93,0.7419354915618896,1.0,0.7736920714378357,0.05154832825064659,2.8147687911987305,148.2774658203125,12.947821617126465,0.08024641871452332,1.4260401725769043,0.010081758722662926,2.2215518951416016,00624,wlasl_pkls_cropFalse_defult_shape/00624.pkl,accident,train,29,25,1,-1
70,1.0,1.0,0.9111379384994507,0.20021221041679382,2.5043065547943115,47.66843795776367,4.908487796783447,0.08593994379043579,1.4770567417144775,0.01630733348429203,2.175119400024414,02625,wlasl_pkls_cropFalse_defult_shape/02625.pkl,announce,train,41,25,1,-1
93,1.0,1.0,0.9267609715461731,0.2747202217578888,1.9435592889785767,41.00461959838867,3.91994309425354,0.10815644264221191,1.5083658695220947,0.015439867973327637,0.8224204778671265,04055,wlasl_pkls_cropFalse_defult_shape/04055.pkl,attorney,train,41,25,1,-1
85,0.9882352948188782,1.0,0.7874671816825867,0.05550462007522583,3.6112492084503174,174.97422790527344,14.535758972167969,0.08545273542404175,1.4491788148880005,0.01192005630582571,3.9268112182617188,03206,wlasl_pkls_cropFalse_defult_shape/03206.pkl,archery,train,44,25,1,-1
86,0.25581395626068115,1.0,0.7334917187690735,0.04434610903263092,4.598740577697754,261.4541015625,16.786468505859375,0.10165369510650635,1.430464506149292,0.008976474404335022,1.3074054718017578,01724,wlasl_pkls_cropFalse_defult_shape/01724.pkl,airplane,train,29,25,1,-1
66,0.8484848737716675,1.0,0.7511563897132874,0.06020430475473404,4.039771556854248,211.93414306640625,16.49830436706543,0.08696303516626358,1.3279588222503662,0.012854075990617275,1.2404632568359375,02711,wlasl_pkls_cropFalse_defult_shape/02711.pkl,answer,train,56,25,1,-1
122,0.9999999403953552,0.9999999403953552,0.7507179975509644,0.04806703329086304,5.744117736816406,194.4576416015625,21.519216537475586,0.08294736593961716,1.4673012495040894,0.0133884958922863,1.3158529996871948,03072,wlasl_pkls_cropFalse_defult_shape/03072.pkl,appreciate,val,20,25,1,-1
117,0.9487180113792419,1.0,0.8120889663696289,0.05358452349901199,2.9191582202911377,149.33889770507812,12.279135704040527,0.06532102078199387,1.411994457244873,0.011387824080884457,2.778644561767578,01101,wlasl_pkls_cropFalse_defult_shape/01101.pkl,admire,train,13,25,1,-1
31,1.0,1.0,0.9599589705467224,0.6812078356742859,0.9025446772575378,13.152946472167969,1.7126601934432983,0.052522923797369,1.4207565784454346,0.009209150448441505,0.5177135467529297,03342,wlasl_pkls_cropFalse_defult_shape/03342.pkl,arm,train,11,25,1,-1
22,1.0,1.0,0.9654708504676819,0.6056593656539917,1.460494041442871,20.77103614807129,3.513324737548828,0.08275866508483887,1.5802733898162842,0.0174139104783535,2.6440658569335938,02863,wlasl_pkls_cropFalse_defult_shape/02863.pkl,apart,val,9,25,3013,3039
63,0.01587301678955555,0.7619048357009888,0.7449478507041931,0.030584346503019333,14.837211608886719,248.1676025390625,40.81888961791992,0.12587814033031464,1.373849868774414,0.012496150098741055,1.5339584350585938,01392,wlasl_pkls_cropFalse_defult_shape/01392.pkl,africa,train,5,25,1,-1
85,0.3176470696926117,0.9647058844566345,0.7951701283454895,0.052891120314598083,4.992211818695068,208.3755340576172,20.236160278320312,0.06631023436784744,1.3005015850067139,0.009977837093174458,1.7893714904785156,02969,wlasl_pkls_cropFalse_defult_shape/02969.pkl,appetite,test,2,25,1,-1
110,0.12727272510528564,0.663636326789856,0.7580498456954956,0.056717704981565475,3.0115246772766113,726.4451904296875,16.557357788085938,0.10288897901773453,1.3117618560791016,0.007670016027987003,1.1321392059326172,02872,wlasl_pkls_cropFalse_defult_shape/02872.pkl,apartment,train,2,25,1,-1
125,0.8560000658035278,1.0,0.8291994333267212,0.054147206246852875,2.213613510131836,159.83941650390625,12.231500625610352,0.09267906099557877,1.3502178192138672,0.009378204122185707,3.152690887451172,00592,wlasl_pkls_cropFalse_defult_shape/00592.pkl,accept,val,26,25,1,-1
41,0.9999999403953552,0.9999999403953552,0.907870888710022,0.07386337965726852,4.192193031311035,165.01205444335938,10.753853797912598,0.08852966129779816,1.5556501150131226,0.019151771441102028,2.541034698486328,00964,wlasl_pkls_cropFalse_defult_shape/00964.pkl,add,train,4,25,1,-1
87,1.0,1.0,0.8047122359275818,0.04386864975094795,5.311398029327393,150.7266845703125,18.738344192504883,0.09311448037624359,1.5407617092132568,0.017024647444486618,2.2072391510009766,03267,wlasl_pkls_cropFalse_defult_shape/03267.pkl,argue,train,2,25,1,-1
32,1.0,1.0,0.9043061137199402,0.345184326171875,0.9382269382476807,13.56043529510498,1.4404939413070679,0.13692201673984528,1.528946876525879,0.009733007289469242,0.4773597717285156,01212,wlasl_pkls_cropFalse_defult_shape/01212.pkl,adult,train,14,25,1,-1
50,1.0,1.0,0.8234517574310303,0.05416915565729141,3.922542095184326,4189.236328125,82.74610900878906,0.10937682539224625,1.4366092681884766,0.011100448668003082,1.6563720703125,03157,wlasl_pkls_cropFalse_defult_shape/03157.pkl,april,train,20,25,1,-1
124,1.0,1.0,0.7067201137542725,0.04614030942320824,2.26682448387146,361.0130920410156,11.864541053771973,0.09961904585361481,1.470451831817627,0.006697712931782007,0.7968387603759766,02971,wlasl_pkls_cropFalse_defult_shape/02971.pkl,appetite,train,21,25,1,-1
72,0.694444477558136,0.7083333134651184,0.8615979552268982,0.04641545191407204,7.226057052612305,213.15292358398438,29.455568313598633,0.07896336168050766,1.380919337272644,0.016191203147172928,2.2045669555664062,02851,wlasl_pkls_cropFalse_defult_shape/02851.pkl,anyway,val,26,25,1,-1
68,0.0,0.7352941036224365,0.7504053115844727,0.02857314608991146,9.031686782836914,251.4626007080078,29.867324829101562,0.1234750747680664,1.4688440561294556,0.010149084031581879,0.6444926261901855,02238,wlasl_pkls_cropFalse_defult_shape/02238.pkl,always,train,41,25,1,-1
51,1.0,1.0,0.7014021277427673,0.02215046063065529,7.99611234664917,169.7554473876953,24.59771728515625,0.07419291138648987,1.436354637145996,0.012986141256988049,2.154397964477539,01555,wlasl_pkls_cropFalse_defult_shape/01555.pkl,ago,test,20,25,1,-1
18,1.0,1.0,0.9499742388725281,0.370574027299881,1.196279764175415,46.82453155517578,4.371622562408447,0.10175761580467224,1.6223613023757935,0.014691137708723545,1.0829684734344482,00829,wlasl_pkls_cropFalse_defult_shape/00829.pkl,across,train,9,25,454,506
28,1.0,1.0,0.832080602645874,0.05835427716374397,8.505468368530273,143.89324951171875,23.70647621154785,0.04639425873756409,1.501735806465149,0.01740819402039051,2.1763687133789062,02430,wlasl_pkls_cropFalse_defult_shape/02430.pkl,amputate,val,39,25,1,-1
79,0.746835470199585,0.746835470199585,0.8351372480392456,0.027455922216176987,4.15955924987793,189.0440673828125,17.119781494140625,0.0855308249592781,1.522110104560852,0.013634291477501392,1.0855159759521484,03445,wlasl_pkls_cropFalse_defult_shape/03445.pkl,arrive,test,41,25,1,-1
62,0.7580645084381104,0.9838709235191345,0.7806026935577393,0.04293891042470932,7.997858047485352,215.0658721923828,27.34304428100586,0.09186132997274399,1.3336665630340576,0.016046395525336266,2.020038604736328,02959,wlasl_pkls_cropFalse_defult_shape/02959.pkl,appear,train,24,25,1,-1
69,0.782608687877655,1.0,0.8382517695426941,0.04478874430060387,7.416531085968018,1247.732421875,27.796085357666016,0.09209646284580231,1.4370933771133423,0.019559605047106743,1.0221805572509766,03281,wlasl_pkls_cropFalse_defult_shape/03281.pkl,argue,test,24,25,1,-1
96,0.7395833730697632,0.8333333730697632,0.8287721872329712,0.05632276460528374,3.639139413833618,201.57676696777344,16.09103775024414,0.03974542021751404,1.3185126781463623,0.01471605896949768,1.1824817657470703,03103,wlasl_pkls_cropFalse_defult_shape/03103.pkl,appropriate,train,13,25,1,-1
119,0.7058823704719543,0.8403362035751343,0.8527898788452148,0.05259888991713524,2.7301957607269287,163.48146057128906,13.08081340789795,0.0703701600432396,1.400617241859436,0.010892077349126339,1.380117416381836,01955,wlasl_pkls_cropFalse_defult_shape/01955.pkl,allergy,train,2,25,1,-1
27,1.0,1.0,0.752633273601532,0.07911404222249985,4.706092357635498,143.87867736816406,16.37950325012207,0.10933642834424973,1.5557674169540405,0.011647967621684074,1.993453860282898,00587,wlasl_pkls_cropFalse_defult_shape/00587.pkl,accent,train,14,25,1,-1
36,1.0,1.0,0.9751488566398621,0.798316478729248,0.5620933175086975,8.846421241760254,0.9648735523223877,0.09035927057266235,1.5767195224761963,0.0068788970820605755,0.5670375823974609,03364,wlasl_pkls_cropFalse_defult_shape/03364.pkl,army,train,11,25,1,-1
53,0.0,1.0,0.8135040402412415,0.03483322635293007,10.133987426757812,253.0420684814453,38.491111755371094,0.08668094873428345,1.4146417379379272,0.011354860849678516,1.6438159942626953,02276,wlasl_pkls_cropFalse_defult_shape/02276.pkl,amazing,train,10,25,1,-1
46,1.0,1.0,0.8097357749938965,0.030279099941253662,1.5484845638275146,149.90377807617188,8.815839767456055,0.12510786950588226,1.5288584232330322,0.0064673395827412605,1.8681278228759766,04165,wlasl_pkls_cropFalse_defult_shape/04165.pkl,aunt,train,9,25,4955,5007
103,0.9417476058006287,1.0,0.8067166209220886,0.051291339099407196,2.910064220428467,150.6457061767578,12.179604530334473,0.06790707260370255,1.438315987586975,0.012572127394378185,0.8551788330078125,03060,wlasl_pkls_cropFalse_defult_shape/03060.pkl,appointment,test,13,25,1,-1
55,0.9999999403953552,0.9999999403953552,0.9473206996917725,0.3531619906425476,1.1901724338531494,43.74372482299805,3.6629998683929443,0.15263903141021729,1.4217841625213623,0.010816019028425217,1.6106796264648438,01803,wlasl_pkls_cropFalse_defult_shape/01803.pkl,alarm,train,20,25,1,-1
34,1.0,1.0,0.9854129552841187,0.6806848049163818,1.069650411605835,21.189620971679688,2.3874497413635254,0.07562722265720367,1.7398664951324463,0.013775840401649475,2.1369552612304688,03266,wlasl_pkls_cropFalse_defult_shape/03266.pkl,argue,train,9,25,3624,3686
41,0.0,0.9999999403953552,0.8191876411437988,0.05875568464398384,1.93421471118927,214.39332580566406,7.416758060455322,0.09148752689361572,1.5456498861312866,0.00912987906485796,1.0393904447555542,01560,wlasl_pkls_cropFalse_defult_shape/01560.pkl,ago,val,11,25,1,-1
55,0.9999999403953552,0.9999999403953552,0.9738429188728333,0.5561082363128662,0.4443374276161194,24.083189010620117,1.0080640316009521,0.062232717871665955,1.2249066829681396,0.007022275123745203,0.5689732432365417,04205,wlasl_pkls_cropFalse_defult_shape/04205.pkl,austria,train,20,25,1,-1
103,1.0,1.0,0.8426364660263062,0.050096090883016586,3.7163264751434326,240.98501586914062,14.312105178833008,0.09235238283872604,1.5674368143081665,0.017268158495426178,1.2538633346557617,01577,wlasl_pkls_cropFalse_defult_shape/01577.pkl,agree,train,13,25,1,-1
57,1.0,1.0,0.9760225415229797,0.49837762117385864,0.8357453346252441,30.0474796295166,2.2591147422790527,0.0999976396560669,1.6434834003448486,0.010410686954855919,1.0006656646728516,03380,wlasl_pkls_cropFalse_defult_shape/03380.pkl,around,val,20,25,1,-1
24,1.0,1.0,0.9759532809257507,0.4189070463180542,1.3207966089248657,44.821868896484375,4.310462474822998,0.09958245605230331,1.656795859336853,0.020657483488321304,2.3253307342529297,02539,wlasl_pkls_cropFalse_defult_shape/02539.pkl,angel,train,9,25,2426,2472
63,1.0,1.0,0.9708909392356873,0.5623176097869873,2.0462863445281982,27.54572296142578,3.28715181350708,0.08990924805402756,1.5529929399490356,0.015147220343351364,1.7601509094238281,02614,wlasl_pkls_cropFalse_defult_shape/02614.pkl,anniversary,train,11,25,1,-1
75,0.6133333444595337,0.7200000286102295,0.7420050501823425,0.031463734805583954,6.508632659912109,217.65365600585938,26.54595947265625,0.1099533811211586,1.5470716953277588,0.012862022034823895,1.7162933349609375,02435,wlasl_pkls_cropFalse_defult_shape/02435.pkl,amputate,train,12,25,1,-1
113,0.9734513163566589,1.0,0.8064594268798828,0.056370336562395096,2.8216097354888916,304.7928771972656,11.532960891723633,0.10313017666339874,1.4490264654159546,0.014104941859841347,1.0821418762207031,04219,wlasl_pkls_cropFalse_defult_shape/04219.pkl,author,train,13,25,1,-1
75,0.5866667032241821,0.9066666960716248,0.7924992442131042,0.029207896441221237,5.02238130569458,210.08926391601562,21.681955337524414,0.10072331130504608,1.5340032577514648,0.014717774465680122,2.040616989135742,03108,wlasl_pkls_cropFalse_defult_shape/03108.pkl,appropriate,train,12,25,1,-1
62,0.7903225421905518,1.0,0.8102102875709534,0.03621726110577583,9.414307594299316,1776.3150634765625,41.6246223449707,0.09572818130254745,1.587888240814209,0.017341768369078636,4.383039474487305,02488,wlasl_pkls_cropFalse_defult_shape/02488.pkl,anatomy,train,14,25,1,-1
64,0.109375,0.828125,0.8046901822090149,0.049288228154182434,3.009023904800415,207.870361328125,9.14471435546875,0.11960895359516144,1.4619168043136597,0.014777284115552902,2.4906482696533203,02878,wlasl_pkls_cropFalse_defult_shape/02878.pkl,apartment,train,5,25,1,-1
56,0.7500000596046448,0.7500000596046448,0.8438544273376465,0.040679678320884705,6.858715057373047,204.66819763183594,21.177711486816406,0.07975947111845016,1.3893002271652222,0.020795902237296104,1.9183197021484375,02477,wlasl_pkls_cropFalse_defult_shape/02477.pkl,analyze,train,31,25,1,-1
68,0.5,0.9852941036224365,0.6997425556182861,0.03207213804125786,19.353530883789062,31193.251953125,604.1874389648438,0.11025397479534149,1.6195012331008911,0.01150086335837841,1.9528045654296875,01564,wlasl_pkls_cropFalse_defult_shape/01564.pkl,ago,train,12,25,1,-1
68,1.0,1.0,0.9687052965164185,0.47553104162216187,1.1955561637878418,19.8994083404541,2.4249536991119385,0.08987240493297577,1.4415743350982666,0.009316157549619675,1.7694435119628906,00433,wlasl_pkls_cropFalse_defult_shape/00433.pkl,above,train,10,25,1,-1
68,1.0,1.0,0.9784495234489441,0.4079492390155792,0.8011929392814636,25.61806297302246,2.432642936706543,0.11268647760152817,1.6998248100280762,0.01016804575920105,1.497100830078125,02484,wlasl_pkls_cropFalse_defult_shape/02484.pkl,anatomy,test,9,25,2303,2382
63,1.0,1.0,0.8181580901145935,0.04414583742618561,4.648931980133057,190.1848602294922,17.72597885131836,0.09676038473844528,1.6066511869430542,0.014913277700543404,1.1207466125488281,02869,wlasl_pkls_cropFalse_defult_shape/02869.pkl,apart,train,25,25,1,-1
27,1.0,1.0,0.8928552865982056,0.3829970359802246,0.9537479281425476,12.02568244934082,1.8588045835494995,0.12217447906732559,1.3674952983856201,0.0063694254495203495,0.2570972442626953,01627,wlasl_pkls_cropFalse_defult_shape/01627.pkl,aid,train,11,25,1,-1
85,1.0,1.0,0.8287826776504517,0.026645155623555183,4.708784580230713,172.1460418701172,18.80672836303711,0.09228525310754776,1.4898278713226318,0.01588028483092785,2.2295284271240234,01107,wlasl_pkls_cropFalse_defult_shape/01107.pkl,admire,train,41,25,1,-1
40,1.0,1.0,0.8136538863182068,0.07629746198654175,1.8259581327438354,118.54903411865234,5.288626670837402,0.13333499431610107,1.6146944761276245,0.012451565824449062,3.5045509338378906,01991,wlasl_pkls_cropFalse_defult_shape/01991.pkl,all,train,10,25,1,-1
31,0.9354838132858276,1.0,0.8090863227844238,0.02093496546149254,10.117380142211914,220.05120849609375,38.81509780883789,0.11530836671590805,1.7045679092407227,0.010603860020637512,0.9230234026908875,01211,wlasl_pkls_cropFalse_defult_shape/01211.pkl,adult,val,14,25,1,-1
100,0.9699999690055847,1.0,0.8243857026100159,0.0501326285302639,3.0206966400146484,144.71771240234375,12.020143508911133,0.07845614105463028,1.4388554096221924,0.014280161820352077,2.7103424072265625,01599,wlasl_pkls_cropFalse_defult_shape/01599.pkl,ahead,train,13,25,1,-1
29,1.0,1.0,0.7823187112808228,0.06278184801340103,5.066797733306885,162.7652587890625,16.739261627197266,0.09067891538143158,1.291394591331482,0.011440657079219818,0.674835205078125,04229,wlasl_pkls_cropFalse_defult_shape/04229.pkl,authority,train,14,25,1,-1
30,1.0,1.0,0.9433912038803101,0.3260660767555237,2.707132339477539,34.539833068847656,4.048275470733643,0.08022952079772949,1.6305536031723022,0.02325272187590599,5.97947883605957,02612,wlasl_pkls_cropFalse_defult_shape/02612.pkl,anniversary,val,14,25,1,-1
59,1.0,1.0,0.7951319813728333,0.047697730362415314,5.7291412353515625,213.8308868408203,19.56084442138672,0.12430530041456223,1.6190105676651,0.019077066332101822,2.7784042358398438,02230,wlasl_pkls_cropFalse_defult_shape/02230.pkl,always,val,4,25,1,-1
57,0.5789473652839661,0.5964912176132202,0.8095223307609558,0.03735935688018799,6.856552600860596,223.55812072753906,26.978288650512695,0.08476722985506058,1.3866513967514038,0.01277122087776661,1.1458396911621094,00422,wlasl_pkls_cropFalse_defult_shape/00422.pkl,about,train,5,25,1,-1
32,1.0,1.0,0.8749157786369324,0.06406883895397186,7.164702892303467,155.76730346679688,19.215654373168945,0.051188088953495026,1.4422258138656616,0.03019549511373043,2.1674976348876953,02161,wlasl_pkls_cropFalse_defult_shape/02161.pkl,already,test,39,25,1,-1
75,0.7333333492279053,1.0,0.8229944109916687,0.05139172822237015,4.409995079040527,579.3365478515625,18.952266693115234,0.026580004021525383,1.3833489418029785,0.014791860245168209,1.3605155944824219,04228,wlasl_pkls_cropFalse_defult_shape/04228.pkl,authority,train,13,25,1,-1
54,1.0,1.0,0.9227783679962158,0.3188730478286743,1.021677017211914,32.852787017822266,2.6557044982910156,0.05182880908250809,1.4082125425338745,0.01392486784607172,2.1756200790405273,00630,wlasl_pkls_cropFalse_defult_shape/00630.pkl,accident,train,20,25,1,-1
66,1.0,1.0,0.8132737278938293,0.04057925194501877,3.936885356903076,479.2576904296875,18.972225189208984,0.11202847957611084,1.475339412689209,0.007950729690492153,1.4453392028808594,02102,wlasl_pkls_cropFalse_defult_shape/02102.pkl,alone,val,9,25,1839,1915
25,0.0,1.0,0.8291452527046204,0.036078423261642456,6.421092510223389,205.4439239501953,30.938976287841797,0.06931175291538239,1.3451074361801147,0.007078885100781918,0.4726219177246094,01557,wlasl_pkls_cropFalse_defult_shape/01557.pkl,ago,train,11,25,1,-1
28,1.0,1.0,0.8664035797119141,0.046816401183605194,7.120401859283447,175.2864532470703,19.367944717407227,0.1054629310965538,1.47804594039917,0.02306446246802807,3.1459522247314453,01245,wlasl_pkls_cropFalse_defult_shape/01245.pkl,advantage,val,4,25,1,-1
79,0.2151898741722107,0.7341772317886353,0.7494902610778809,0.026668589562177658,12.527182579040527,2440.991943359375,52.121036529541016,0.1068403571844101,1.3955038785934448,0.01159218791872263,1.8134212493896484,02235,wlasl_pkls_cropFalse_defult_shape/02235.pkl,always,val,5,25,1,-1
98,0.6530612111091614,0.8265305757522583,0.8315946459770203,0.0582447312772274,2.873323440551758,186.3237762451172,13.116521835327148,0.09830503910779953,1.369187355041504,0.010984661057591438,1.4244384765625,00416,wlasl_pkls_cropFalse_defult_shape/00416.pkl,about,train,13,25,1,-1
77,1.0,1.0,0.8756439089775085,0.03877871856093407,5.474149227142334,693.5245971679688,23.200162887573242,0.06401082128286362,1.6283808946609497,0.014281152747571468,2.96990966796875,03245,wlasl_pkls_cropFalse_defult_shape/03245.pkl,area,train,30,25,1,-1
39,1.0,1.0,0.962027370929718,0.5061759948730469,1.9070994853973389,61.032779693603516,4.283169746398926,0.11615196615457535,1.542260766029358,0.016213275492191315,1.135080337524414,04003,wlasl_pkls_cropFalse_defult_shape/04003.pkl,attend,val,10,25,1,-1
25,1.0,1.0,0.8620691895484924,0.15159758925437927,0.7513878345489502,48.82294845581055,2.457113027572632,0.07813230901956558,1.4741504192352295,0.008202602155506611,0.46720921993255615,00337,wlasl_pkls_cropFalse_defult_shape/00337.pkl,abdomen,train,14,25,1,-1
98,0.7448979616165161,0.9795918464660645,0.8127265572547913,0.054186537861824036,3.5190482139587402,186.9707794189453,15.202677726745605,0.08399306237697601,1.3806719779968262,0.011368269100785255,0.6161098480224609,03439,wlasl_pkls_cropFalse_defult_shape/03439.pkl,arrive,train,13,25,1,-1
41,0.0,0.9999999403953552,0.812625527381897,0.09332093596458435,0.979878306388855,22.671567916870117,1.3933582305908203,0.11702024191617966,1.3514127731323242,0.007782857399433851,0.9298258423805237,01391,wlasl_pkls_cropFalse_defult_shape/01391.pkl,africa,val,11,25,1,-1
26,1.0,1.0,0.9768108129501343,0.556376039981842,0.6115857362747192,16.124515533447266,1.3020679950714111,0.08844388276338577,1.4495093822479248,0.009138336405158043,0.9910526275634766,03125,wlasl_pkls_cropFalse_defult_shape/03125.pkl,approve,test,11,25,1,-1
53,1.0,1.0,0.9611935615539551,0.43627795577049255,1.4701892137527466,45.09217834472656,3.8964638710021973,0.0905904695391655,1.7243409156799316,0.015253836289048195,1.3124064207077026,03276,wlasl_pkls_cropFalse_defult_shape/03276.pkl,argue,train,20,25,1,-1
59,0.0,1.0,0.8192684650421143,0.04940085485577583,2.835432767868042,189.9727783203125,15.223438262939453,0.10171247273683548,1.322884202003479,0.00803222693502903,0.6547660827636719,03158,wlasl_pkls_cropFalse_defult_shape/03158.pkl,april,val,11,25,1,-1
92,0.804347813129425,0.9021739363670349,0.8153669834136963,0.05530889332294464,3.5656943321228027,159.67010498046875,16.211925506591797,0.06554034352302551,1.3707637786865234,0.0112233255058527,2.5815048217773438,02864,wlasl_pkls_cropFalse_defult_shape/02864.pkl,apart,train,2,25,1,-1
65,1.0,1.0,0.8825575113296509,0.03838788717985153,6.5914387702941895,191.25750732421875,24.01836585998535,0.10513009876012802,1.7050352096557617,0.019632065668702126,1.9700145721435547,03280,wlasl_pkls_cropFalse_defult_shape/03280.pkl,argue,val,5,25,1,-1
34,1.0,1.0,0.7757588028907776,0.0426025316119194,9.031647682189941,185.26690673828125,27.724637985229492,0.1124228686094284,1.3343572616577148,0.01244654506444931,1.1999820470809937,00586,wlasl_pkls_cropFalse_defult_shape/00586.pkl,accent,train,4,25,1,-1
101,0.7227722406387329,1.0,0.8034282326698303,0.051547273993492126,3.0689122676849365,667.8374633789062,15.15358829498291,0.09950324147939682,1.4390686750411987,0.011295594274997711,1.4409942626953125,00965,wlasl_pkls_cropFalse_defult_shape/00965.pkl,add,train,13,25,1,-1
108,0.6111111044883728,0.9537037014961243,0.7341620922088623,0.04795454442501068,3.258547782897949,162.49925231933594,13.440576553344727,0.08605323731899261,1.3648656606674194,0.01106337457895279,1.8966846466064453,03435,wlasl_pkls_cropFalse_defult_shape/03435.pkl,arrive,val,57,25,1,-1
103,0.8737863898277283,1.0,0.8268077969551086,0.06651435792446136,2.538177490234375,150.87063598632812,11.767206192016602,0.08769913017749786,1.3785860538482666,0.010391347110271454,0.9467792510986328,00431,wlasl_pkls_cropFalse_defult_shape/00431.pkl,above,val,13,25,1,-1
58,0.7586206793785095,0.8793103694915771,0.7844991683959961,0.049641359597444534,6.436222076416016,187.9818572998047,21.261674880981445,0.08997533470392227,1.3389588594436646,0.018690738826990128,3.1962356567382812,02104,wlasl_pkls_cropFalse_defult_shape/02104.pkl,alone,train,4,25,1,-1
32,1.0,1.0,0.8137577772140503,0.035320620983839035,4.072765827178955,191.76158142089844,19.360057830810547,0.1299920678138733,1.6551755666732788,0.012772166170179844,2.002727508544922,01482,wlasl_pkls_cropFalse_defult_shape/01482.pkl,age,val,9,25,1229,1275
71,0.9718309640884399,1.0,0.8295331001281738,0.0796823799610138,2.8334319591522217,187.35879516601562,8.740760803222656,0.10471387952566147,1.6006908416748047,0.014697334729135036,2.5313072204589844,00840,wlasl_pkls_cropFalse_defult_shape/00840.pkl,across,train,5,25,1,-1
30,1.0,1.0,0.981618344783783,0.5920650959014893,1.8100265264511108,21.587032318115234,3.4369850158691406,0.1271890252828598,1.843077301979065,0.01392306387424469,2.0681190490722656,04119,wlasl_pkls_cropFalse_defult_shape/04119.pkl,audience,train,11,25,1,-1
30,0.0,1.0,0.8153971433639526,0.027754846960306168,1.8195394277572632,176.482177734375,7.8026909828186035,0.0835447758436203,1.325240135192871,0.009612231515347958,0.650513768196106,03802,wlasl_pkls_cropFalse_defult_shape/03802.pkl,assume,train,11,25,1,-1
71,0.5211267471313477,0.9154929518699646,0.7411623001098633,0.03451774641871452,7.010898590087891,206.5998077392578,26.20939064025879,0.13595184683799744,1.6193816661834717,0.01262567937374115,1.2519702911376953,04164,wlasl_pkls_cropFalse_defult_shape/04164.pkl,august,train,12,25,1,-1
94,0.9999999403953552,0.9999999403953552,0.8346507549285889,0.054580289870500565,3.3841118812561035,150.5515594482422,12.796667098999023,0.09801842272281647,1.5151277780532837,0.011145074851810932,1.6212577819824219,01100,wlasl_pkls_cropFalse_defult_shape/01100.pkl,admire,val,2,25,1,-1
50,1.0,1.0,0.8221687078475952,0.0683140754699707,1.935290813446045,1430.52197265625,28.756772994995117,0.0909174457192421,1.6024795770645142,0.009218069724738598,1.4312305450439453,00333,wlasl_pkls_cropFalse_defult_shape/00333.pkl,abdomen,val,9,25,64,123
107,0.9999999403953552,0.9999999403953552,0.8349590301513672,0.04139413312077522,3.0410525798797607,250.0145263671875,11.717302322387695,0.10213103145360947,1.6488882303237915,0.01611703261733055,4.454135894775391,01226,wlasl_pkls_cropFalse_defult_shape/01226.pkl,advanced,val,2,25,1,-1
94,0.9999999403953552,0.9999999403953552,0.7860786318778992,0.03738715499639511,2.26869797706604,168.65858459472656,5.463436126708984,0.0977771133184433,1.526019811630249,0.01457998063415289,2.160196304321289,03268,wlasl_pkls_cropFalse_defult_shape/03268.pkl,argue,train,36,25,1,-1
35,0.1428571492433548,0.7714285850524902,0.7727817296981812,0.044745415449142456,6.794680595397949,178.9501953125,21.5293025970459,0.09720618277788162,1.3193026781082153,0.01539583969861269,0.9077987670898438,00625,wlasl_pkls_cropFalse_defult_shape/00625.pkl,accident,test,6,25,1,-1
53,0.7547169923782349,0.8867924809455872,0.8635311126708984,0.06403058022260666,5.196612358093262,193.68344116210938,17.4818115234375,0.10838231444358826,1.4472054243087769,0.018220828846096992,2.2325687408447266,02717,wlasl_pkls_cropFalse_defult_shape/02717.pkl,answer,train,16,25,1,-1
55,0.7454545497894287,0.7454545497894287,0.8577303886413574,0.06697110831737518,3.595966100692749,208.45431518554688,9.225144386291504,0.05583662912249565,1.3954102993011475,0.016873467713594437,1.514801025390625,03426,wlasl_pkls_cropFalse_defult_shape/03426.pkl,arrest,val,5,25,1,-1
42,1.0,1.0,0.9674071669578552,0.47662147879600525,1.9843084812164307,34.01470184326172,3.8388028144836426,0.08654287457466125,1.4698853492736816,0.014177234843373299,0.7379779815673828,00856,wlasl_pkls_cropFalse_defult_shape/00856.pkl,action,val,10,25,1,-1
37,0.9459459781646729,1.0,0.885244607925415,0.046130213886499405,7.783661365509033,169.8406982421875,22.78641700744629,0.06533635407686234,1.4180588722229004,0.02488371916115284,3.1918411254882812,01584,wlasl_pkls_cropFalse_defult_shape/01584.pkl,agreement,train,4,25,1,-1
29,1.0,1.0,0.9708248972892761,0.6029307842254639,1.2585265636444092,20.39607810974121,2.533378839492798,0.12069249898195267,1.5133641958236694,0.010329369455575943,0.759124755859375,00421,wlasl_pkls_cropFalse_defult_shape/00421.pkl,about,val,11,25,1,-1
31,1.0,1.0,0.9738171100616455,0.6030545234680176,1.1869518756866455,12.829217910766602,1.8315703868865967,0.0812452957034111,1.4324989318847656,0.012117589823901653,1.5119609832763672,01376,wlasl_pkls_cropFalse_defult_shape/01376.pkl,afraid,train,11,25,1,-1
28,0.0,1.0,0.800144374370575,0.04480211064219475,1.2946869134902954,83.74161529541016,4.1630682945251465,0.106055848300457,1.3343766927719116,0.005757660139352083,0.4391307830810547,03607,wlasl_pkls_cropFalse_defult_shape/03607.pkl,ask,val,11,25,1,-1
60,0.9500000476837158,1.0,0.8268585205078125,0.03532038629055023,4.88746976852417,183.41993713378906,18.597251892089844,0.08979584276676178,1.4435447454452515,0.01565484143793583,1.7825851440429688,03202,wlasl_pkls_cropFalse_defult_shape/03202.pkl,archery,train,4,25,1,-1
19,1.0,1.0,0.9046977758407593,0.43755054473876953,1.064586877822876,18.934146881103516,2.6708734035491943,0.06953570991754532,1.3498326539993286,0.015532352030277252,4.143309593200684,01873,wlasl_pkls_cropFalse_defult_shape/01873.pkl,algebra,val,9,25,1619,1678
82,0.6463414430618286,0.6463414430618286,0.7563509345054626,0.04159073531627655,3.5584876537323,174.88211059570312,16.004539489746094,0.05113047733902931,1.3080967664718628,0.009856169112026691,0.744830310344696,01064,wlasl_pkls_cropFalse_defult_shape/01064.pkl,adjective,val,2,25,1,-1
94,0.8085106015205383,0.7659574151039124,0.8759826421737671,0.02780371904373169,3.5068674087524414,181.75218200683594,13.95162296295166,0.08825144916772842,1.5257536172866821,0.016495762392878532,1.2854456901550293,03389,wlasl_pkls_cropFalse_defult_shape/03389.pkl,around,train,41,25,1,-1
65,0.6769230961799622,0.6307692527770996,0.8452715873718262,0.13431374728679657,2.759999990463257,50.7820930480957,5.768613338470459,0.0960841253399849,1.5596184730529785,0.014936421066522598,1.3022727966308594,01419,wlasl_pkls_cropFalse_defult_shape/01419.pkl,after,train,38,25,1,-1
42,0.5,1.0,0.7998986840248108,0.04770398512482643,8.921416282653809,1171.3818359375,32.69298553466797,0.10335540026426315,1.5651674270629883,0.0238207895308733,2.975252151489258,01726,wlasl_pkls_cropFalse_defult_shape/01726.pkl,airplane,train,4,25,1,-1
47,0.9999999403953552,0.9999999403953552,0.7496363520622253,0.05665355175733566,8.214978218078613,189.7129669189453,26.03650665283203,0.07601699978113174,1.5135703086853027,0.01588795892894268,2.8496761322021484,01437,wlasl_pkls_cropFalse_defult_shape/01437.pkl,afternoon,train,20,25,1,-1
21,1.0,1.0,0.8189389109611511,0.060394831001758575,1.123189926147461,123.52388000488281,9.558610916137695,0.1281197965145111,1.5075078010559082,0.003135252743959427,0.5439338684082031,00295,wlasl_pkls_cropFalse_defult_shape/00295.pkl,a,val,9,25,1,23
95,1.0,0.7894737124443054,0.8399628400802612,0.047980740666389465,2.6268301010131836,178.5860137939453,8.43832778930664,0.09669763594865799,1.4529823064804077,0.011925945989787579,1.703134536743164,04017,wlasl_pkls_cropFalse_defult_shape/04017.pkl,attention,train,41,25,1,-1
95,1.0,1.0,0.8363405466079712,0.04204844683408737,3.2194406986236572,150.12474060058594,13.566265106201172,0.09259680658578873,1.5388591289520264,0.014922231435775757,2.2144203186035156,01575,wlasl_pkls_cropFalse_defult_shape/01575.pkl,agree,train,26,25,1,-1
71,0.8591549396514893,0.9295774698257446,0.7401958107948303,0.030905887484550476,3.0561811923980713,249.5072021484375,16.24117660522461,0.10174138098955154,1.662314534187317,0.008264980278909206,0.6313400268554688,00341,wlasl_pkls_cropFalse_defult_shape/00341.pkl,abdomen,train,12,25,1,-1
41,0.9999999403953552,0.9999999403953552,0.868032693862915,0.39913201332092285,1.4437214136123657,31.63490104675293,2.45550799369812,0.08057479560375214,1.3371244668960571,0.009467258118093014,0.4239561855792999,01103,wlasl_pkls_cropFalse_defult_shape/01103.pkl,admire,train,11,25,1,-1
38,1.0,1.0,0.8661611080169678,0.042327724397182465,6.9122467041015625,174.93289184570312,22.410396575927734,0.08528115600347519,1.3944261074066162,0.0199519582092762,2.0531177520751953,00835,wlasl_pkls_cropFalse_defult_shape/00835.pkl,across,train,4,25,1,-1
74,0.6081081032752991,0.6486486792564392,0.8013834953308105,0.042467135936021805,9.04755973815918,206.5657501220703,35.691741943359375,0.10345184057950974,1.4814732074737549,0.011179675348103046,3.0711307525634766,02050,wlasl_pkls_cropFalse_defult_shape/02050.pkl,allow,train,5,25,1,-1
55,0.9272726774215698,0.9999999403953552,0.8048810958862305,0.07002411037683487,1.4539836645126343,154.03431701660156,5.592663288116455,0.06762336939573288,1.3047868013381958,0.0069871945306658745,0.7653923034667969,02520,wlasl_pkls_cropFalse_defult_shape/02520.pkl,and,train,20,25,1,-1
55,0.9999999403953552,0.9999999403953552,0.9462586641311646,0.2691718637943268,1.3770363330841064,53.99603271484375,3.9143598079681396,0.10990042239427567,1.6583447456359863,0.013597337529063225,1.6633796691894531,00432,wlasl_pkls_cropFalse_defult_shape/00432.pkl,above,val,20,25,1,-1
80,0.6875,0.699999988079071,0.8487980961799622,0.025912772864103317,3.285630702972412,194.1583251953125,12.6531343460083,0.12494197487831116,1.4889973402023315,0.013008002191781998,1.4777050018310547,03486,wlasl_pkls_cropFalse_defult_shape/03486.pkl,art,val,41,25,1,-1
37,0.9729729890823364,0.9729729890823364,0.8829171061515808,0.045317381620407104,7.276609897613525,196.491455078125,22.167678833007812,0.10012597590684891,1.4657880067825317,0.01777535490691662,2.294248580932617,04012,wlasl_pkls_cropFalse_defult_shape/04012.pkl,attention,train,4,25,1,-1
36,1.0,1.0,0.9808381199836731,0.5767373442649841,0.6192197203636169,15.132745742797852,1.414182186126709,0.09937012940645218,1.6364340782165527,0.009287061169743538,1.6333541870117188,00412,wlasl_pkls_cropFalse_defult_shape/00412.pkl,about,val,9,25,184,240
32,1.0,1.0,0.9130157232284546,0.41871392726898193,1.7874810695648193,20.988500595092773,2.9210855960845947,0.09268417954444885,1.3653004169464111,0.009737631306052208,0.5795307159423828,01878,wlasl_pkls_cropFalse_defult_shape/01878.pkl,algebra,val,11,25,1,-1
43,0.11627906560897827,1.0,0.8031283617019653,0.01857723295688629,4.1069841384887695,199.72547912597656,17.76097869873047,0.1159856840968132,1.4570767879486084,0.013088677078485489,1.9671497344970703,03605,wlasl_pkls_cropFalse_defult_shape/03605.pkl,ask,train,10,25,1,-1
44,1.0,1.0,0.9790453910827637,0.6152725219726562,1.456917405128479,25.0,2.64520263671875,0.13707105815410614,2.066526174545288,0.018256036564707756,2.2645645141601562,02545,wlasl_pkls_cropFalse_defult_shape/02545.pkl,angel,test,11,25,1,-1
78,0.7435897588729858,1.0,0.8037795424461365,0.051982518285512924,3.333219289779663,156.7112579345703,14.198891639709473,0.09460322558879852,1.3959827423095703,0.015436701476573944,1.1284656524658203,01374,wlasl_pkls_cropFalse_defult_shape/01374.pkl,afraid,train,13,25,1,-1
69,0.5507246255874634,0.5652173757553101,0.7839640378952026,0.04646027833223343,4.528416156768799,175.33645629882812,19.334375381469727,0.05649641528725624,1.3221089839935303,0.01013301219791174,1.7902469635009766,01373,wlasl_pkls_cropFalse_defult_shape/01373.pkl,afraid,test,2,25,1,-1
25,1.0,1.0,0.8995242714881897,0.2827319800853729,1.1154004335403442,72.0,5.633151054382324,0.08283474296331406,1.5585393905639648,0.011678970418870449,1.401742935180664,01912,wlasl_pkls_cropFalse_defult_shape/01912.pkl,all,val,9,25,1679,1728
56,1.0,1.0,0.9592660069465637,0.4666665196418762,1.229611873626709,13.0,1.9322848320007324,0.10111433267593384,1.4098814725875854,0.009241461753845215,0.721221923828125,02353,wlasl_pkls_cropFalse_defult_shape/02353.pkl,america,test,11,25,1,-1
58,0.982758641242981,1.0,0.8691460490226746,0.03157023712992668,6.71790075302124,463.18414306640625,26.644670486450195,0.10483760386705399,1.627902626991272,0.016860458999872208,1.3909111022949219,01078,wlasl_pkls_cropFalse_defult_shape/01078.pkl,adjust,train,30,25,1,-1
77,0.7142857313156128,0.9220778942108154,0.7355108261108398,0.05077234283089638,6.124042987823486,181.4117431640625,21.198881149291992,0.0949031263589859,1.3201903104782104,0.008897916413843632,0.83514404296875,04136,wlasl_pkls_cropFalse_defult_shape/04136.pkl,audiology,val,26,25,1,-1
55,0.9999999403953552,0.9999999403953552,0.9667249917984009,0.5938884019851685,1.0880590677261353,33.734256744384766,2.7128524780273438,0.11211436986923218,1.8901383876800537,0.02225133217871189,5.055973052978516,02543,wlasl_pkls_cropFalse_defult_shape/02543.pkl,angel,val,20,25,1,-1
106,0.8773584961891174,1.0,0.7535158395767212,0.040651995688676834,3.547943353652954,155.7317657470703,12.654000282287598,0.09498986601829529,1.3762127161026,0.010672131553292274,0.8620109558105469,02010,wlasl_pkls_cropFalse_defult_shape/02010.pkl,alligator,train,13,25,1,-1
49,1.0,1.0,0.9084429144859314,0.03320438787341118,4.702075958251953,174.44973754882812,14.846728324890137,0.09279537200927734,1.5430885553359985,0.023428434506058693,5.797618865966797,02541,wlasl_pkls_cropFalse_defult_shape/02541.pkl,angel,train,6,25,1,-1
38,1.0,1.0,0.8661611080169678,0.042327724397182465,6.9122467041015625,174.93289184570312,22.410396575927734,0.08528496325016022,1.3944283723831177,0.019943246617913246,2.0531253814697266,01420,wlasl_pkls_cropFalse_defult_shape/01420.pkl,after,val,4,25,1,-1
46,1.0,1.0,0.9454284906387329,0.48142120242118835,0.6967551112174988,16.34373664855957,1.6431379318237305,0.11864694952964783,1.4504222869873047,0.011589712463319302,1.4579410552978516,01242,wlasl_pkls_cropFalse_defult_shape/01242.pkl,advantage,train,9,25,856,912
81,0.6913580298423767,0.9259259104728699,0.782325267791748,0.05150420591235161,7.1295576095581055,201.66893005371094,27.842193603515625,0.07237731665372849,1.4004523754119873,0.012395230121910572,1.3144569396972656,03059,wlasl_pkls_cropFalse_defult_shape/03059.pkl,appointment,train,60,25,1,-1
52,1.0,1.0,0.9179625511169434,0.32792842388153076,1.5933005809783936,29.93765640258789,3.274524450302124,0.09946492314338684,1.405334711074829,0.012754787690937519,1.097320556640625,03519,wlasl_pkls_cropFalse_defult_shape/03519.pkl,artist,val,11,25,1,-1
37,0.0,1.0,0.8000033497810364,0.04009467735886574,4.415781021118164,218.5092315673828,19.411441802978516,0.12122032791376114,1.4146193265914917,0.009239171631634235,0.8023693561553955,03603,wlasl_pkls_cropFalse_defult_shape/03603.pkl,ask,test,10,25,1,-1
32,1.0,1.0,0.963695764541626,0.504815399646759,1.7741179466247559,33.302425384521484,3.2976982593536377,0.07174433022737503,1.3421010971069336,0.011629295535385609,0.6622638702392578,03104,wlasl_pkls_cropFalse_defult_shape/03104.pkl,appropriate,val,14,25,1,-1
73,1.0,1.0,0.7441840171813965,0.06313374638557434,5.985171794891357,162.8756103515625,15.86434555053711,0.07197286933660507,1.3415791988372803,0.01725059002637863,1.5551490783691406,02013,wlasl_pkls_cropFalse_defult_shape/02013.pkl,alligator,train,49,25,1,-1
63,0.7142857313156128,1.0,0.8316034078598022,0.043837495148181915,6.016829967498779,197.8787384033203,21.32868194580078,0.0859609842300415,1.3589937686920166,0.015965504571795464,1.3259429931640625,01161,wlasl_pkls_cropFalse_defult_shape/01161.pkl,adopt,test,16,25,1,-1
54,0.7037037014961243,1.0,0.869148313999176,0.04566633328795433,5.342607498168945,242.24513244628906,21.93331527709961,0.07876444607973099,1.4110029935836792,0.017011161893606186,1.3785076141357422,00414,wlasl_pkls_cropFalse_defult_shape/00414.pkl,about,train,26,25,1,-1
29,0.24137930572032928,1.0,0.7821696996688843,0.043383289128541946,10.381702423095703,181.5939483642578,27.584678649902344,0.09439586848020554,1.4838974475860596,0.02229463681578636,1.9297199249267578,02912,wlasl_pkls_cropFalse_defult_shape/02912.pkl,apostrophe,train,4,25,1,-1
40,0.8500000238418579,0.824999988079071,0.8606328964233398,0.045602574944496155,8.231695175170898,190.27093505859375,28.968996047973633,0.07440207898616791,1.3603054285049438,0.016635846346616745,1.924551010131836,00415,wlasl_pkls_cropFalse_defult_shape/00415.pkl,about,train,27,25,1,-1
88,1.0,1.0,0.8127737045288086,0.042926087975502014,3.346724271774292,168.11886596679688,13.529452323913574,0.11176201701164246,1.600302815437317,0.017663104459643364,2.6542763710021973,02569,wlasl_pkls_cropFalse_defult_shape/02569.pkl,angry,train,13,25,1,-1
90,0.9000000357627869,1.0,0.8353698253631592,0.05471738427877426,3.4257161617279053,141.41526794433594,12.53763484954834,0.11446327716112137,1.4554532766342163,0.01730627752840519,1.69464111328125,03517,wlasl_pkls_cropFalse_defult_shape/03517.pkl,artist,train,13,25,1,-1
35,1.0,1.0,0.8167418837547302,0.054619111120700836,5.1266984939575195,158.54507446289062,16.383440017700195,0.0920218899846077,1.3080960512161255,0.012244799174368382,1.1375770568847656,04202,wlasl_pkls_cropFalse_defult_shape/04202.pkl,austria,train,45,25,1,-1
31,1.0,1.0,0.9508899450302124,0.4209252595901489,1.5312411785125732,34.86006546020508,3.2437453269958496,0.08204348385334015,1.4044400453567505,0.012971936725080013,0.8091087341308594,01102,wlasl_pkls_cropFalse_defult_shape/01102.pkl,admire,train,14,25,1,-1
75,0.6533333659172058,0.6666666865348816,0.8159804344177246,0.029433974996209145,3.2888102531433105,169.75599670410156,11.980807304382324,0.11012322455644608,1.4163987636566162,0.014030278660356998,0.8594812154769897,03516,wlasl_pkls_cropFalse_defult_shape/03516.pkl,artist,train,36,25,1,-1
68,0.7352941036224365,0.9264705777168274,0.7742894887924194,0.03549593687057495,4.230712413787842,185.26193237304688,14.374116897583008,0.10752508044242859,1.4213687181472778,0.01614537090063095,2.6650562286376953,02229,wlasl_pkls_cropFalse_defult_shape/02229.pkl,always,test,36,25,1,-1
38,1.0,1.0,0.940346360206604,0.5418432950973511,1.6799452304840088,46.873695373535156,4.222141265869141,0.09136812388896942,1.4409548044204712,0.012748480774462223,0.9333572387695312,01586,wlasl_pkls_cropFalse_defult_shape/01586.pkl,agreement,train,11,25,1,-1
63,1.0,1.0,0.7858518958091736,0.053033843636512756,5.158267498016357,152.7493133544922,18.422649383544922,0.07746599614620209,1.4849857091903687,0.018799182027578354,1.7641277313232422,02646,wlasl_pkls_cropFalse_defult_shape/02646.pkl,annoy,train,20,25,1,-1
102,1.0,1.0,0.7975956201553345,0.04224938154220581,3.904853582382202,1126.031982421875,21.66864013671875,0.10174883157014847,1.5323681831359863,0.020551521331071854,2.473963499069214,00869,wlasl_pkls_cropFalse_defult_shape/00869.pkl,active,train,13,25,1,-1
62,0.8709677457809448,0.7580645084381104,0.8677383065223694,0.1599552482366562,4.39324951171875,60.82576370239258,8.5077543258667,0.11467335373163223,1.5327093601226807,0.01924951933324337,1.3458518981933594,01874,wlasl_pkls_cropFalse_defult_shape/01874.pkl,algebra,test,38,25,1,-1
174,0.6494252681732178,1.0,0.7808763980865479,0.04456818848848343,2.768800735473633,188.8267059326172,11.566041946411133,0.09723611921072006,1.4226953983306885,0.010462217964231968,2.287342071533203,02349,wlasl_pkls_cropFalse_defult_shape/02349.pkl,america,train,19,25,1,-1
53,1.0,1.0,0.9730622172355652,0.41756483912467957,0.8766221404075623,26.868743896484375,2.343785285949707,0.08640815317630768,1.588962197303772,0.013423495925962925,2.7133331298828125,02570,wlasl_pkls_cropFalse_defult_shape/02570.pkl,angry,train,20,25,1,-1
77,0.8701298832893372,0.9220778942108154,0.833135724067688,0.033932145684957504,3.0651628971099854,187.47750854492188,10.297285079956055,0.09436183422803879,1.47744882106781,0.01520916074514389,1.4845314025878906,00899,wlasl_pkls_cropFalse_defult_shape/00899.pkl,actor,train,36,25,1,-1
77,0.8181818127632141,1.0,0.8111919164657593,0.045371945947408676,6.274916172027588,197.33059692382812,24.05628776550293,0.06937456130981445,1.4085956811904907,0.011319932527840137,1.1348304748535156,01999,wlasl_pkls_cropFalse_defult_shape/01999.pkl,all,val,7,25,1,-1
70,0.8999999761581421,0.985714316368103,0.801471471786499,0.02869674749672413,8.235477447509766,2157.591064453125,48.706546783447266,0.12080248445272446,1.635008692741394,0.013656158931553364,1.6336822509765625,04198,wlasl_pkls_cropFalse_defult_shape/04198.pkl,australia,test,12,25,1,-1
85,0.9647058844566345,1.0,0.7423738241195679,0.030613521113991737,4.751861572265625,253.1893310546875,19.454086303710938,0.12846609950065613,1.6709131002426147,0.01149273943156004,1.6278190612792969,03161,wlasl_pkls_cropFalse_defult_shape/03161.pkl,april,train,12,25,1,-1
74,1.0,0.8783783912658691,0.793706476688385,0.041732724756002426,4.1448235511779785,168.03514099121094,16.251237869262695,0.0914740264415741,1.3270750045776367,0.010732618160545826,0.504926323890686,01264,wlasl_pkls_cropFalse_defult_shape/01264.pkl,adverb,val,43,25,1,-1
32,1.0,1.0,0.9263025522232056,0.5280468463897705,1.035574197769165,44.18649673461914,3.401951551437378,0.06008591130375862,1.3766835927963257,0.0099354088306427,0.8298187255859375,03425,wlasl_pkls_cropFalse_defult_shape/03425.pkl,arrest,test,11,25,1,-1
67,1.0,1.0,0.8905841112136841,0.21962039172649384,3.19486403465271,66.3846206665039,6.65812349319458,0.09669622778892517,1.4797767400741577,0.025039516389369965,4.347139358520508,04065,wlasl_pkls_cropFalse_defult_shape/04065.pkl,attract,train,20,25,1,-1
61,0.9999999403953552,0.9999999403953552,0.8200802206993103,0.054364074021577835,0.944309651851654,117.1561050415039,6.1187920570373535,0.10949087142944336,1.5457830429077148,0.009418779984116554,1.6877727508544922,01263,wlasl_pkls_cropFalse_defult_shape/01263.pkl,adverb,test,9,25,913,983
33,0.7272727489471436,1.0,0.7863240838050842,0.05023485794663429,5.646090507507324,161.70799255371094,18.3287410736084,0.11274244636297226,1.4966566562652588,0.016800159588456154,1.5331192016601562,00585,wlasl_pkls_cropFalse_defult_shape/00585.pkl,accent,train,4,25,1,-1
117,0.8034188151359558,1.0,0.7755031585693359,0.054900750517845154,2.125718593597412,149.80593872070312,10.735196113586426,0.08110051602125168,1.401200532913208,0.008857857435941696,1.2079524993896484,01120,wlasl_pkls_cropFalse_defult_shape/01120.pkl,admit,train,13,25,1,-1
34,1.0,1.0,0.8139737844467163,0.03807199001312256,2.6766462326049805,148.0592041015625,12.46226692199707,0.10258976370096207,1.5360361337661743,0.01123887300491333,3.068662643432617,02968,wlasl_pkls_cropFalse_defult_shape/02968.pkl,appetite,val,9,25,3114,3180
92,0.43478262424468994,0.46739131212234497,0.735478937625885,0.04827634617686272,3.142634391784668,170.22027587890625,14.59843635559082,0.08216539025306702,1.343783974647522,0.007578134536743164,1.1381874084472656,02160,wlasl_pkls_cropFalse_defult_shape/02160.pkl,already,train,35,25,1,-1
28,1.0,1.0,0.8581274747848511,0.0466538742184639,7.531120300292969,161.956298828125,21.804054260253906,0.059746239334344864,1.440787672996521,0.025893324986100197,1.4235458374023438,02092,wlasl_pkls_cropFalse_defult_shape/02092.pkl,almost,val,4,25,1,-1
22,1.0,1.0,0.9070096611976624,0.38367539644241333,1.4954200983047485,19.92485809326172,1.9842934608459473,0.09664566069841385,1.583878755569458,0.021650265902280807,1.0667003393173218,02146,wlasl_pkls_cropFalse_defult_shape/02146.pkl,alphabet,val,20,25,1,-1
34,0.9705882668495178,1.0,0.8277876973152161,0.031759608536958694,8.674307823181152,165.6749725341797,22.128591537475586,0.11109815537929535,1.676155924797058,0.03192826732993126,3.3778610229492188,03272,wlasl_pkls_cropFalse_defult_shape/03272.pkl,argue,val,31,25,1,-1
83,0.8072288632392883,0.8192770481109619,0.8575519323348999,0.03930847346782684,3.9045917987823486,188.84310913085938,17.171764373779297,0.11298942565917969,1.4065465927124023,0.011340553872287273,1.6182003021240234,01440,wlasl_pkls_cropFalse_defult_shape/01440.pkl,afternoon,val,5,25,1,-1
75,0.9200000166893005,1.0,0.8512765169143677,0.04323340207338333,3.576990842819214,139.44322204589844,13.65876579284668,0.11517197638750076,1.5789453983306885,0.0212250966578722,1.7796592712402344,02046,wlasl_pkls_cropFalse_defult_shape/02046.pkl,allow,train,13,25,1,-1
47,0.9999999403953552,0.9999999403953552,0.8758300542831421,0.3581451177597046,2.0612592697143555,24.454113006591797,3.5235798358917236,0.08712755143642426,1.4215737581253052,0.013166490942239761,0.9725685119628906,02012,wlasl_pkls_cropFalse_defult_shape/02012.pkl,alligator,train,11,25,1,-1
55,0.9999999403953552,0.9999999403953552,0.815527081489563,0.0638250783085823,2.8809309005737305,190.17324829101562,13.189513206481934,0.08730418980121613,1.2822365760803223,0.008622599765658379,0.8903980255126953,02107,wlasl_pkls_cropFalse_defult_shape/02107.pkl,alone,test,20,25,1,-1
78,0.3589743673801422,0.8717948794364929,0.7026397585868835,0.040274061262607574,6.710339546203613,174.7504425048828,24.887489318847656,0.07374405860900879,1.2953124046325684,0.007551915943622589,0.9236605763435364,03337,wlasl_pkls_cropFalse_defult_shape/03337.pkl,arm,train,2,25,1,-1
138,1.0,1.0,0.7138299942016602,0.04386422038078308,4.542259216308594,2616.136474609375,39.264984130859375,0.08784488588571548,1.5034747123718262,0.010012227110564709,1.0752639770507812,04102,wlasl_pkls_cropFalse_defult_shape/04102.pkl,auction,train,21,25,1,-1
37,1.0,1.0,0.8826820254325867,0.04736267030239105,6.803363800048828,173.79400634765625,19.250093460083008,0.08088340610265732,1.47023344039917,0.024720147252082825,1.9086532592773438,03450,wlasl_pkls_cropFalse_defult_shape/03450.pkl,arrogant,val,32,25,1,-1
81,0.7777777910232544,1.0,0.7158613801002502,0.03141364827752113,5.3106689453125,202.33987426757812,21.77631950378418,0.12440835684537888,1.6452864408493042,0.010713835246860981,1.9718360900878906,01734,wlasl_pkls_cropFalse_defult_shape/01734.pkl,airplane,train,12,25,1,-1
106,1.0,1.0,0.7101980447769165,0.0400129035115242,3.1758296489715576,239.20022583007812,14.947094917297363,0.10817110538482666,1.4878484010696411,0.005881568882614374,1.2854671478271484,01610,wlasl_pkls_cropFalse_defult_shape/01610.pkl,a,train,21,25,1,-1
85,1.0,1.0,0.7589322328567505,0.04362700134515762,2.954436779022217,160.49942016601562,13.635160446166992,0.08675804734230042,1.432693362236023,0.009497069753706455,1.1748065948486328,01207,wlasl_pkls_cropFalse_defult_shape/01207.pkl,adult,train,2,25,1,-1
60,0.7500000596046448,0.8333333730697632,0.8885017037391663,0.030210796743631363,7.0020856857299805,221.8134002685547,27.565614700317383,0.0697571262717247,1.4034956693649292,0.016980616375803947,2.5717220306396484,03106,wlasl_pkls_cropFalse_defult_shape/03106.pkl,appropriate,train,5,25,1,-1
40,1.0,1.0,0.9778695702552795,0.6961138248443604,0.7082005143165588,7.40066385269165,1.2433563470840454,0.10633840411901474,1.667649507522583,0.01178454328328371,2.5147953033447266,03067,wlasl_pkls_cropFalse_defult_shape/03067.pkl,appreciate,val,9,25,3277,3329
77,0.6233766078948975,0.6363636255264282,0.8436164855957031,0.02981037274003029,4.799686908721924,202.01364135742188,22.05511474609375,0.09265075623989105,1.480664849281311,0.014308233745396137,1.0216999053955078,01162,wlasl_pkls_cropFalse_defult_shape/01162.pkl,adopt,train,41,25,1,-1
51,1.0,1.0,0.9724968671798706,0.6335006952285767,0.7003953456878662,19.344219207763672,1.502517819404602,0.07221736013889313,1.3721535205841064,0.009435947984457016,0.9792775511741638,04008,wlasl_pkls_cropFalse_defult_shape/04008.pkl,attention,train,9,25,4390,4452
70,0.8285714387893677,0.9571428894996643,0.7901347279548645,0.03300733491778374,6.804505825042725,254.11305236816406,27.212068557739258,0.08425074815750122,1.5202891826629639,0.015199977904558182,1.9927558898925781,01880,wlasl_pkls_cropFalse_defult_shape/01880.pkl,algebra,train,12,25,1,-1
81,1.0,1.0,0.8752959370613098,0.026870792731642723,3.406353235244751,158.81834411621094,13.444701194763184,0.1015499159693718,1.5688785314559937,0.015654008835554123,2.082571029663086,01231,wlasl_pkls_cropFalse_defult_shape/01231.pkl,advanced,train,41,25,1,-1
54,0.5,1.0,0.7154862284660339,0.047705769538879395,6.276606559753418,420.82891845703125,23.96715545654297,0.1184927299618721,1.41672682762146,0.010472230613231659,1.6144733428955078,02831,wlasl_pkls_cropFalse_defult_shape/02831.pkl,any,test,5,25,1,-1
74,1.0,1.0,0.8249486684799194,0.03237638249993324,4.161498546600342,155.33241271972656,13.824142456054688,0.0918310284614563,1.5960381031036377,0.01577220857143402,3.167673110961914,01927,wlasl_pkls_cropFalse_defult_shape/01927.pkl,all day,train,12,25,1,-1
15,1.0,1.0,0.9807328581809998,0.5988497734069824,1.147387981414795,26.172504425048828,2.6595213413238525,0.14119891822338104,1.6342036724090576,0.014275627210736275,1.4147090911865234,02941,wlasl_pkls_cropFalse_defult_shape/02941.pkl,appear,test,9,25,3087,3113
54,1.0,1.0,0.912278413772583,0.34401100873947144,1.1349059343338013,39.825538635253906,2.9981539249420166,0.08479964733123779,1.652413249015808,0.01678774505853653,4.356756210327148,04067,wlasl_pkls_cropFalse_defult_shape/04067.pkl,attract,test,14,25,1,-1
37,0.9459459781646729,1.0,0.885244607925415,0.046130213886499405,7.783661365509033,169.8406982421875,22.78641700744629,0.0653197169303894,1.41806161403656,0.024879323318600655,3.1918411254882812,01576,wlasl_pkls_cropFalse_defult_shape/01576.pkl,agree,val,4,25,1,-1
53,1.0,1.0,0.8218998908996582,0.06321562081575394,2.2285847663879395,175.93621826171875,9.485698699951172,0.08554181456565857,1.3664335012435913,0.00904158130288124,0.7114347219467163,03340,wlasl_pkls_cropFalse_defult_shape/03340.pkl,arm,train,20,25,1,-1
81,0.9259259104728699,1.0,0.8049589991569519,0.05499305576086044,3.6533586978912354,151.07101440429688,13.41037654876709,0.10869287699460983,1.3908859491348267,0.015207639895379543,1.8513717651367188,04064,wlasl_pkls_cropFalse_defult_shape/04064.pkl,attract,val,13,25,1,-1
107,0.6261681914329529,0.7102803587913513,0.8217422962188721,0.043334633111953735,3.958756446838379,186.58831787109375,18.276309967041016,0.09958944469690323,1.4138519763946533,0.011760739609599113,0.8558456301689148,02710,wlasl_pkls_cropFalse_defult_shape/02710.pkl,answer,train,19,25,1,-1
83,0.6385542154312134,0.650602400302887,0.7969458103179932,0.04798804223537445,4.255012035369873,179.15415954589844,17.620344161987305,0.05307256802916527,1.3265639543533325,0.010556145571172237,0.9887065887451172,02008,wlasl_pkls_cropFalse_defult_shape/02008.pkl,alligator,test,2,25,1,-1
23,1.0,1.0,0.934464156627655,0.4023762345314026,0.5825279355049133,34.57376480102539,1.782325267791748,0.14941512048244476,1.5398772954940796,0.010042033158242702,0.6965999603271484,03489,wlasl_pkls_cropFalse_defult_shape/03489.pkl,article,val,9,25,3973,4012
48,0.7916666865348816,0.9583333730697632,0.8250517249107361,0.04096566140651703,8.169599533081055,330.7236328125,27.748863220214844,0.10876370221376419,1.4004228115081787,0.017585650086402893,2.1370792388916016,03130,wlasl_pkls_cropFalse_defult_shape/03130.pkl,approve,val,16,25,1,-1
106,0.9150943756103516,1.0,0.8597908020019531,0.048387311398983,3.204465627670288,144.5816192626953,11.923161506652832,0.10588191449642181,1.5149431228637695,0.015369742177426815,1.5197772979736328,03491,wlasl_pkls_cropFalse_defult_shape/03491.pkl,article,train,13,25,1,-1
59,0.8983050584793091,1.0,0.8885800838470459,0.03972509875893593,5.120641708374023,196.87098693847656,19.173322677612305,0.08075893670320511,1.4406036138534546,0.017615310847759247,1.9940071105957031,02591,wlasl_pkls_cropFalse_defult_shape/02591.pkl,animal,val,24,25,1,-1
55,0.8545454144477844,0.8363636136054993,0.8548672199249268,0.03817272186279297,7.3956451416015625,218.67364501953125,27.67960548400879,0.08447855710983276,1.3834723234176636,0.01654748059809208,1.2997932434082031,01077,wlasl_pkls_cropFalse_defult_shape/01077.pkl,adjust,train,5,25,1,-1
56,1.0,1.0,0.7845185995101929,0.04638092219829559,8.321070671081543,209.17054748535156,29.36115837097168,0.06869634240865707,1.4449965953826904,0.013683289289474487,1.1556644439697266,02972,wlasl_pkls_cropFalse_defult_shape/02972.pkl,appetite,train,20,25,1,-1
74,0.8918918967247009,0.662162184715271,0.8682953119277954,0.10869337618350983,2.5433685779571533,58.15406799316406,5.690550327301025,0.12805785238742828,1.5223370790481567,0.01633378118276596,0.9244747161865234,03479,wlasl_pkls_cropFalse_defult_shape/03479.pkl,art,train,38,25,1,-1
69,0.7246376872062683,1.0,0.8099957704544067,0.052278783172369,4.676455974578857,185.12721252441406,18.46769142150879,0.08426963537931442,1.3855849504470825,0.014186499640345573,0.8055915832519531,00898,wlasl_pkls_cropFalse_defult_shape/00898.pkl,actor,val,2,25,1,-1
112,1.0,1.0,0.7866635322570801,0.04151621460914612,6.209625244140625,186.34768676757812,25.498001098632812,0.11752786487340927,1.614646315574646,0.016399051994085312,2.3317947387695312,04121,wlasl_pkls_cropFalse_defult_shape/04121.pkl,audience,train,5,25,1,-1
68,0.9264705777168274,1.0,0.7943485379219055,0.04366130381822586,5.985678195953369,208.65843200683594,23.768474578857422,0.07400543242692947,1.3305690288543701,0.01605193503201008,0.901301383972168,00947,wlasl_pkls_cropFalse_defult_shape/00947.pkl,adapt,train,15,25,1,-1
72,1.0,1.0,0.8455964922904968,0.05333754047751427,3.9817118644714355,151.3936767578125,14.938312530517578,0.09809310734272003,1.383641242980957,0.014701484702527523,1.0839958190917969,00972,wlasl_pkls_cropFalse_defult_shape/00972.pkl,add,train,16,25,1,-1
53,0.2641509473323822,1.0,0.8057277798652649,0.05817357823252678,4.266798973083496,119.72511291503906,14.713106155395508,0.08605851978063583,1.3932329416275024,0.010234848596155643,0.8416919708251953,03240,wlasl_pkls_cropFalse_defult_shape/03240.pkl,area,train,11,25,1,-1
52,1.0,1.0,0.7438710331916809,0.03258756920695305,11.944697380065918,338.7548828125,36.92923355102539,0.1224147230386734,1.5195435285568237,0.012802837416529655,1.4858417510986328,02916,wlasl_pkls_cropFalse_defult_shape/02916.pkl,apostrophe,train,30,25,1,-1
122,0.8442622423171997,0.9999999403953552,0.7840325832366943,0.061707504093647,2.290095806121826,151.19972229003906,10.533686637878418,0.10227444767951965,1.4563101530075073,0.009833903051912785,1.3589000701904297,02875,wlasl_pkls_cropFalse_defult_shape/02875.pkl,apartment,train,13,25,1,-1
37,1.0,1.0,0.7873165011405945,0.05715164169669151,8.134512901306152,179.62359619140625,23.18781852722168,0.10577904433012009,1.3844947814941406,0.01732318289577961,1.8224525451660156,03315,wlasl_pkls_cropFalse_defult_shape/03315.pkl,arizona,train,39,25,1,-1
53,0.9056603908538818,0.8301886916160583,0.9129992723464966,0.14849290251731873,2.987102746963501,41.78516387939453,5.691099166870117,0.09153199195861816,1.5125243663787842,0.018620939925312996,0.7429603338241577,03757,wlasl_pkls_cropFalse_defult_shape/03757.pkl,assistant,train,38,25,1,-1
58,1.0,1.0,0.8761484026908875,0.06247375160455704,4.891673564910889,154.57742309570312,16.264455795288086,0.10266786068677902,1.5300019979476929,0.01758584938943386,1.6920223236083984,02615,wlasl_pkls_cropFalse_defult_shape/02615.pkl,anniversary,test,16,25,1,-1
75,0.7200000286102295,0.7066667079925537,0.8482226133346558,0.04991878941655159,2.5720815658569336,40.886558532714844,4.589689254760742,0.08250563591718674,1.4086799621582031,0.015077212825417519,0.908111035823822,00689,wlasl_pkls_cropFalse_defult_shape/00689.pkl,accountant,test,36,25,1,-1
41,0.9999999403953552,0.9999999403953552,0.8172519207000732,0.04956001788377762,5.698935031890869,142.62884521484375,17.39378547668457,0.08203206956386566,1.5221283435821533,0.023575609549880028,8.471139907836914,01922,wlasl_pkls_cropFalse_defult_shape/01922.pkl,all day,train,4,25,1,-1
55,0.6545454263687134,0.9999999403953552,0.8324646353721619,0.04681624844670296,1.830483078956604,155.4622344970703,11.966703414916992,0.08244740962982178,1.5852922201156616,0.009453859180212021,0.7895107269287109,00336,wlasl_pkls_cropFalse_defult_shape/00336.pkl,abdomen,train,13,25,1,-1
41,0.9999999403953552,0.9999999403953552,0.9733882546424866,0.6893782615661621,0.8316484093666077,23.055011749267578,2.1664845943450928,0.08144046366214752,1.5689728260040283,0.01183094922453165,1.0960850715637207,02850,wlasl_pkls_cropFalse_defult_shape/02850.pkl,anyway,test,9,25,2956,3012
99,0.6969696879386902,0.9595959782600403,0.7762406468391418,0.057037241756916046,2.830308675765991,187.52911376953125,14.99625301361084,0.09424465149641037,1.2974863052368164,0.00728943245485425,0.5248508453369141,02106,wlasl_pkls_cropFalse_defult_shape/02106.pkl,alone,train,13,25,1,-1
72,0.0,0.569444477558136,0.7349069118499756,0.044547200202941895,4.588105201721191,286.20721435546875,18.431615829467773,0.1155557632446289,1.3091084957122803,0.010377301834523678,0.5191384553909302,01485,wlasl_pkls_cropFalse_defult_shape/01485.pkl,age,train,2,25,1,-1
67,1.0,1.0,0.8282008171081543,0.027931304648518562,8.430563926696777,205.86480712890625,30.081531524658203,0.10512374341487885,1.7099689245224,0.01992611773312092,2.6986141204833984,00668,wlasl_pkls_cropFalse_defult_shape/00668.pkl,accomplish,train,12,25,1,-1
34,0.9411764740943909,1.0,0.8878009915351868,0.05500089377164841,5.023067951202393,201.0766143798828,15.31195068359375,0.056956563144922256,1.3537079095840454,0.019735876470804214,1.9580669403076172,02953,wlasl_pkls_cropFalse_defult_shape/02953.pkl,appear,train,31,25,1,-1
65,0.7384615540504456,1.0,0.7596886157989502,0.03996146097779274,6.293980121612549,202.12303161621094,25.270917892456055,0.08682963252067566,1.2926350831985474,0.01114287506788969,0.8007755279541016,02150,wlasl_pkls_cropFalse_defult_shape/02150.pkl,alphabet,train,18,25,1,-1
73,0.6438356041908264,0.6575342416763306,0.8251940011978149,0.04778330773115158,3.6663291454315186,155.71319580078125,15.524008750915527,0.06053747981786728,1.3883954286575317,0.01357816532254219,1.6844100952148438,02584,wlasl_pkls_cropFalse_defult_shape/02584.pkl,animal,train,2,25,1,-1
55,0.9999999403953552,0.9999999403953552,0.897890567779541,0.05230848118662834,2.2852962017059326,168.36953735351562,12.209725379943848,0.031181689351797104,1.3124773502349854,0.010246394202113152,1.578348159790039,04293,wlasl_pkls_cropFalse_defult_shape/04293.pkl,autumn,train,20,25,1,-1
43,0.8837209343910217,0.9069767594337463,0.782967209815979,0.04546891525387764,6.780911445617676,174.1088409423828,20.638669967651367,0.07963840663433075,1.3404803276062012,0.014570530503988266,1.7668399810791016,03564,wlasl_pkls_cropFalse_defult_shape/03564.pkl,asia,train,6,25,1,-1
101,0.6732673048973083,0.6633663177490234,0.8181576728820801,0.04841189831495285,5.187479496002197,196.59983825683594,22.136423110961914,0.11877612769603729,1.407201886177063,0.014664391055703163,2.0702171325683594,04051,wlasl_pkls_cropFalse_defult_shape/04051.pkl,attorney,train,13,25,1,-1
31,0.0,1.0,0.8162543773651123,0.03487740457057953,7.926888465881348,197.95635986328125,30.199186325073242,0.09359495341777802,1.3400652408599854,0.006477063521742821,0.576021671295166,02877,wlasl_pkls_cropFalse_defult_shape/02877.pkl,apartment,train,11,25,1,-1
77,1.0,1.0,0.8658742904663086,0.045752815902233124,4.554998874664307,854.7354125976562,21.026594161987305,0.10294461995363235,1.538469672203064,0.01705845817923546,1.3152179718017578,00434,wlasl_pkls_cropFalse_defult_shape/00434.pkl,above,test,16,25,1,-1
63,0.9365079998970032,1.0,0.7690910696983337,0.028157467022538185,7.01547384262085,210.7527313232422,26.89400291442871,0.11746121197938919,1.5487565994262695,0.01472474168986082,2.093381881713867,03131,wlasl_pkls_cropFalse_defult_shape/03131.pkl,approve,train,12,25,1,-1
64,1.0,1.0,0.8372600078582764,0.03656347841024399,3.7541630268096924,151.63833618164062,15.384893417358398,0.08574261516332626,1.4668530225753784,0.014792713336646557,0.9072227478027344,01464,wlasl_pkls_cropFalse_defult_shape/01464.pkl,again,train,15,25,1,-1
63,0.1428571492433548,0.9523810148239136,0.752577543258667,0.04281904548406601,8.847895622253418,203.74110412597656,29.21034049987793,0.07682351022958755,1.3786952495574951,0.013852614909410477,2.7902565002441406,01397,wlasl_pkls_cropFalse_defult_shape/01397.pkl,africa,test,16,25,1,-1
74,0.5405405759811401,0.7567567825317383,0.7845004200935364,0.03613461181521416,6.9185075759887695,208.34596252441406,28.17445945739746,0.10920417308807373,1.5551621913909912,0.013946578837931156,1.0704376697540283,01839,wlasl_pkls_cropFalse_defult_shape/01839.pkl,alcohol,train,12,25,1,-1
74,0.6216216087341309,0.6891891956329346,0.8083553314208984,0.04666663333773613,4.213526248931885,650.4271240234375,19.599504470825195,0.052118681371212006,1.302520513534546,0.013483927585184574,1.196441650390625,02124,wlasl_pkls_cropFalse_defult_shape/02124.pkl,a lot,train,26,25,1,-1
46,1.0,1.0,0.9740334749221802,0.5795769095420837,0.4955482482910156,14.142135620117188,1.2760204076766968,0.09441249072551727,1.5182009935379028,0.011317990720272064,1.0964653491973877,02556,wlasl_pkls_cropFalse_defult_shape/02556.pkl,angle,val,9,25,2473,2532
116,0.7068965435028076,1.0,0.7993476390838623,0.05103839933872223,3.1254327297210693,148.23023986816406,11.667031288146973,0.06925559043884277,1.4149863719940186,0.016554705798625946,2.919157028198242,01876,wlasl_pkls_cropFalse_defult_shape/01876.pkl,algebra,train,13,25,1,-1
108,0.9814814925193787,1.0,0.7674651741981506,0.04021407663822174,3.0113136768341064,494.1467590332031,13.57278060913086,0.1370442807674408,1.6166648864746094,0.0109707647934556,1.5535550117492676,03003,wlasl_pkls_cropFalse_defult_shape/03003.pkl,apple,train,13,25,1,-1
60,0.9666666984558105,1.0,0.8583140969276428,0.032064519822597504,8.76428508758545,219.1024627685547,32.33143615722656,0.09972260147333145,1.4718130826950073,0.015796106308698654,1.8126373291015625,03107,wlasl_pkls_cropFalse_defult_shape/03107.pkl,appropriate,test,30,25,1,-1
71,0.6338028311729431,0.6619718074798584,0.8068730235099792,0.04470089450478554,7.26086950302124,215.35569763183594,27.548437118530273,0.09451387822628021,1.456467628479004,0.013780301436781883,1.4016952514648438,01426,wlasl_pkls_cropFalse_defult_shape/01426.pkl,after,train,5,25,1,-1
82,0.6463414430618286,0.6829267740249634,0.8324476480484009,0.035870883613824844,4.647292613983154,209.22325134277344,20.062458038330078,0.09570087492465973,1.5679763555526733,0.013078099116683006,1.6569328308105469,02356,wlasl_pkls_cropFalse_defult_shape/02356.pkl,america,train,12,25,1,-1
84,0.9285714626312256,1.0,0.8386649489402771,0.05086551234126091,3.0424487590789795,148.38034057617188,12.822821617126465,0.09791353344917297,1.479987382888794,0.015779878944158554,2.382608413696289,01474,wlasl_pkls_cropFalse_defult_shape/01474.pkl,against,train,13,25,1,-1
41,0.9999999403953552,0.9999999403953552,0.8140373229980469,0.03900984674692154,5.689516067504883,160.359375,16.06700325012207,0.0880826935172081,1.4495986700057983,0.022596901282668114,7.372774124145508,04001,wlasl_pkls_cropFalse_defult_shape/04001.pkl,attend,train,20,25,1,-1
58,1.0,1.0,0.7687724828720093,0.03566320240497589,4.895160675048828,163.09552001953125,17.34147834777832,0.12128286808729172,1.5549283027648926,0.012905721552670002,1.0144977569580078,01251,wlasl_pkls_cropFalse_defult_shape/01251.pkl,advantage,train,25,25,1,-1
39,0.9487179517745972,1.0,0.8185436725616455,0.1372831165790558,2.118177652359009,179.8714599609375,6.159946918487549,0.09517595171928406,1.493514060974121,0.014037413522601128,2.0604496002197266,03568,wlasl_pkls_cropFalse_defult_shape/03568.pkl,asia,train,10,25,1,-1
58,0.051724135875701904,0.5,0.7320041656494141,0.04283462464809418,4.064152717590332,188.42330932617188,19.584911346435547,0.056940820068120956,1.3432482481002808,0.005665488541126251,0.7025566101074219,00335,wlasl_pkls_cropFalse_defult_shape/00335.pkl,abdomen,test,2,25,1,-1
57,1.0,0.8947368264198303,0.8966686725616455,0.20829370617866516,3.19797682762146,53.98271560668945,6.360325813293457,0.10638482123613358,1.614296317100525,0.02105855382978916,1.875640869140625,03436,wlasl_pkls_cropFalse_defult_shape/03436.pkl,arrive,test,38,25,1,-1
96,1.0,1.0,0.8357793092727661,0.051924653351306915,2.7765705585479736,145.4381866455078,11.982267379760742,0.08099550753831863,1.4665915966033936,0.012900342233479023,1.7992515563964844,03378,wlasl_pkls_cropFalse_defult_shape/03378.pkl,around,train,13,25,1,-1
53,1.0,1.0,0.9304021000862122,0.20220214128494263,4.226099491119385,63.42455291748047,7.548166751861572,0.08926336467266083,1.5347198247909546,0.02100640907883644,1.3262996673583984,02610,wlasl_pkls_cropFalse_defult_shape/02610.pkl,anniversary,train,38,25,1,-1
117,1.0,1.0,0.8619232773780823,0.049697525799274445,2.6756417751312256,147.796630859375,12.611368179321289,0.09007086604833603,1.6973670721054077,0.014514739625155926,2.1814022064208984,00663,wlasl_pkls_cropFalse_defult_shape/00663.pkl,accomplish,train,26,25,1,-1
23,1.0,1.0,0.9733378291130066,0.4284471869468689,1.8811613321304321,25.961509704589844,3.6703977584838867,0.09662102907896042,1.6568456888198853,0.018099345266819,2.5424137115478516,01224,wlasl_pkls_cropFalse_defult_shape/01224.pkl,advanced,test,9,25,823,855
113,0.008849557489156723,0.38053098320961,0.6905837059020996,0.05151855945587158,3.0677571296691895,683.50927734375,16.127391815185547,0.08937472850084305,1.2770965099334717,0.006074640434235334,1.0068073272705078,02145,wlasl_pkls_cropFalse_defult_shape/02145.pkl,alphabet,val,35,25,1,-1
48,0.8958333730697632,1.0,0.9055806994438171,0.0782996192574501,3.5655643939971924,130.7576446533203,13.410048484802246,0.09627719968557358,1.4323604106903076,0.015700722113251686,1.3410224914550781,00632,wlasl_pkls_cropFalse_defult_shape/00632.pkl,accident,train,11,25,1,-1
93,0.5268816947937012,0.5483871102333069,0.8090543150901794,0.05005349591374397,3.5185041427612305,216.70887756347656,15.359343528747559,0.10419897735118866,1.3752403259277344,0.0128162931650877,2.4203624725341797,01837,wlasl_pkls_cropFalse_defult_shape/01837.pkl,alcohol,val,5,25,1,-1
63,0.9523810148239136,1.0,0.7758836150169373,0.035319313406944275,5.165727138519287,169.29293823242188,19.813270568847656,0.12509524822235107,1.5648657083511353,0.012102500535547733,1.5058650970458984,01325,wlasl_pkls_cropFalse_defult_shape/01325.pkl,affect,train,25,25,1,-1
47,0.5957446694374084,0.8510637879371643,0.75956791639328,0.04095761477947235,10.50664234161377,219.3365936279297,34.68721008300781,0.12224694341421127,1.468383550643921,0.0161161869764328,2.608509063720703,02702,wlasl_pkls_cropFalse_defult_shape/02702.pkl,another,train,5,25,1,-1
18,1.0,1.0,0.9059646129608154,0.351642906665802,2.0479040145874023,29.59244728088379,5.186668872833252,0.12763170897960663,1.5524702072143555,0.019804351031780243,2.3356590270996094,00867,wlasl_pkls_cropFalse_defult_shape/00867.pkl,active,val,9,25,507,553
81,0.8024691343307495,0.8888888955116272,0.857022225856781,0.04224083572626114,3.5865304470062256,176.12477111816406,13.718721389770508,0.08403557538986206,1.4931378364562988,0.013430783525109291,2.0804920196533203,02609,wlasl_pkls_cropFalse_defult_shape/02609.pkl,anniversary,train,28,25,1,-1
65,0.8615384697914124,0.9692307710647583,0.902224600315094,0.04676058515906334,4.817540168762207,195.511962890625,17.747526168823242,0.08633981645107269,1.488141417503357,0.01529680285602808,1.7008771896362305,00383,wlasl_pkls_cropFalse_defult_shape/00383.pkl,able,train,24,25,1,-1
38,1.0,1.0,0.8906614780426025,0.042277079075574875,5.85097599029541,139.90206909179688,17.617582321166992,0.09401731938123703,1.4449942111968994,0.024141861125826836,2.698781967163086,00962,wlasl_pkls_cropFalse_defult_shape/00962.pkl,add,train,4,25,1,-1
37,1.0,1.0,0.9808593988418579,0.7502862215042114,0.9440481066703796,11.938169479370117,1.601744532585144,0.07927486300468445,1.615555763244629,0.008948747999966145,0.7064628601074219,01018,wlasl_pkls_cropFalse_defult_shape/01018.pkl,address,train,10,25,1,-1
18,1.0,1.0,0.9293719530105591,0.5104848742485046,1.8960868120193481,20.76017189025879,3.771960496902466,0.0894840806722641,1.7463628053665161,0.01975555345416069,0.7238922119140625,02432,wlasl_pkls_cropFalse_defult_shape/02432.pkl,amputate,train,14,25,1,-1
53,0.5283018946647644,0.8301886916160583,0.7607725858688354,0.04306947439908981,5.902526378631592,178.49082946777344,19.62377166748047,0.09310967475175858,1.3881475925445557,0.014062262140214443,1.8712596893310547,02105,wlasl_pkls_cropFalse_defult_shape/02105.pkl,alone,test,4,25,1,-1
109,0.9908256530761719,0.9999999403953552,0.830319881439209,0.05813061445951462,2.8286538124084473,164.92343139648438,11.785593032836914,0.11092222481966019,1.4958266019821167,0.01617448404431343,3.7168502807617188,01320,wlasl_pkls_cropFalse_defult_shape/01320.pkl,affect,train,13,25,1,-1
49,1.0,1.0,0.9562838673591614,0.399851530790329,1.4551856517791748,41.51542663574219,3.328611135482788,0.12051114439964294,1.6828581094741821,0.01849137619137764,2.696331024169922,04183,wlasl_pkls_cropFalse_defult_shape/04183.pkl,australia,val,9,25,5008,5067
95,0.6631579399108887,0.8210526704788208,0.7972146272659302,0.05283082649111748,3.1634058952331543,197.120361328125,15.161199569702148,0.12219321727752686,1.3382104635238647,0.009684661403298378,0.5441417694091797,01624,wlasl_pkls_cropFalse_defult_shape/01624.pkl,aid,train,13,25,1,-1
75,0.6266666650772095,0.6800000071525574,0.8168706893920898,0.03818643093109131,11.35505199432373,219.22462463378906,39.68442916870117,0.09639804065227509,1.4197477102279663,0.012668073177337646,1.8936023712158203,01468,wlasl_pkls_cropFalse_defult_shape/01468.pkl,again,val,5,25,1,-1
90,0.7333333492279053,0.7444444894790649,0.8397465944290161,0.03903447836637497,5.863677024841309,202.61302185058594,25.569581985473633,0.11986551433801651,1.5412386655807495,0.011346305720508099,2.679758071899414,03385,wlasl_pkls_cropFalse_defult_shape/03385.pkl,around,train,5,25,1,-1
65,0.8307692408561707,1.0,0.8874720335006714,0.06534197181463242,3.2897167205810547,91.85929107666016,9.02485466003418,0.09929870069026947,1.595051884651184,0.012574095278978348,1.4353218078613281,03442,wlasl_pkls_cropFalse_defult_shape/03442.pkl,arrive,train,5,25,1,-1
56,1.0,1.0,0.9566497206687927,0.5327246189117432,1.60680091381073,30.554527282714844,2.8786094188690186,0.0963732898235321,1.4924203157424927,0.014048507437109947,0.559154748916626,00901,wlasl_pkls_cropFalse_defult_shape/00901.pkl,actor,train,11,25,1,-1
32,0.375,1.0,0.8149293065071106,0.07957424223423004,3.6438803672790527,159.94961547851562,14.87047004699707,0.13641630113124847,1.3839447498321533,0.009145408868789673,0.9545192718505859,02701,wlasl_pkls_cropFalse_defult_shape/02701.pkl,another,test,11,25,1,-1
40,0.9750000238418579,1.0,0.8968403339385986,0.05638638883829117,4.874730110168457,199.0475616455078,14.297412872314453,0.08026861399412155,1.403124451637268,0.021176783367991447,4.328520774841309,03423,wlasl_pkls_cropFalse_defult_shape/03423.pkl,arrest,train,14,25,1,-1
54,1.0,1.0,0.970235288143158,0.39496296644210815,0.8058769106864929,31.364299774169922,2.860621690750122,0.09181246906518936,1.4040145874023438,0.008935278281569481,0.8077332973480225,00966,wlasl_pkls_cropFalse_defult_shape/00966.pkl,add,val,20,25,1,-1
46,1.0,1.0,0.9226188659667969,0.4511725604534149,1.8054429292678833,36.73968505859375,3.2754874229431152,0.12393166869878769,1.4188774824142456,0.016261205077171326,1.1088066101074219,04053,wlasl_pkls_cropFalse_defult_shape/04053.pkl,attorney,train,11,25,1,-1
75,0.25333333015441895,0.6399999856948853,0.7476198673248291,0.04520341008901596,8.243196487426758,222.2470703125,31.09877586364746,0.09317269176244736,1.4534114599227905,0.012038259766995907,3.598428726196289,03243,wlasl_pkls_cropFalse_defult_shape/03243.pkl,area,train,5,25,1,-1
51,0.843137264251709,1.0,0.7586023807525635,0.062484920024871826,5.869138240814209,1009.8740844726562,27.75275993347168,0.10542856901884079,1.338746428489685,0.012555603869259357,1.7501983642578125,00638,wlasl_pkls_cropFalse_defult_shape/00638.pkl,accident,train,18,25,1,-1
57,1.0,1.0,0.8627292513847351,0.06632696092128754,4.307339191436768,162.79653930664062,17.040193557739258,0.0887163057923317,1.378095269203186,0.014405028894543648,1.2763633728027344,00602,wlasl_pkls_cropFalse_defult_shape/00602.pkl,accept,test,16,25,1,-1
45,1.0,1.0,0.9391327500343323,0.3546615242958069,2.8657357692718506,50.70822525024414,5.367621898651123,0.09588035196065903,1.4283947944641113,0.0215150136500597,2.1177539825439453,00430,wlasl_pkls_cropFalse_defult_shape/00430.pkl,above,train,3,25,1,-1
91,0.8461538553237915,1.0,0.838272750377655,0.0585116446018219,2.7626755237579346,143.2719268798828,9.330483436584473,0.08176331967115402,1.4504504203796387,0.018720116466283798,2.3061084747314453,00854,wlasl_pkls_cropFalse_defult_shape/00854.pkl,action,train,13,25,1,-1
123,0.9837397933006287,0.9999999403953552,0.7760666012763977,0.04658477380871773,3.0438175201416016,396.802734375,14.711213111877441,0.10685323178768158,1.4750909805297852,0.009263544343411922,1.3301658630371094,04157,wlasl_pkls_cropFalse_defult_shape/04157.pkl,august,val,13,25,1,-1
77,0.6363636255264282,0.8051947951316833,0.8128347992897034,0.03478527441620827,5.669122695922852,216.26255798339844,23.981689453125,0.1268599033355713,1.5017492771148682,0.015322571620345116,1.8508415222167969,01808,wlasl_pkls_cropFalse_defult_shape/01808.pkl,alarm,train,12,25,1,-1
41,0.707317054271698,0.9512194991111755,0.7855288982391357,0.0452285036444664,5.907487392425537,173.59339904785156,20.890621185302734,0.09330079704523087,1.3462802171707153,0.0134884687140584,0.5353392362594604,03597,wlasl_pkls_cropFalse_defult_shape/03597.pkl,ask,train,6,25,1,-1
106,0.8396226763725281,1.0,0.8679567575454712,0.045974139124155045,4.319146156311035,164.07302856445312,18.5477294921875,0.09374197572469711,1.4707893133163452,0.011195170693099499,1.6403694152832031,01642,wlasl_pkls_cropFalse_defult_shape/01642.pkl,aim,val,2,25,1,-1
57,1.0,1.0,0.7850995659828186,0.03718080371618271,4.5986785888671875,201.6503448486328,18.45170021057129,0.1261020451784134,1.610280990600586,0.014478707686066628,1.4517822265625,02051,wlasl_pkls_cropFalse_defult_shape/02051.pkl,allow,train,25,25,1,-1
26,0.0,1.0,0.8236863613128662,0.0872044712305069,2.915536642074585,127.73152923583984,11.706579208374023,0.09108900278806686,1.3898652791976929,0.008244389668107033,1.04052734375,02973,wlasl_pkls_cropFalse_defult_shape/02973.pkl,appetite,val,11,25,1,-1
70,0.6142857074737549,0.7714285850524902,0.7920362949371338,0.02783997915685177,8.445591926574707,225.83090209960938,31.63971519470215,0.11487914621829987,1.634854793548584,0.013977468945086002,1.1632766723632812,02856,wlasl_pkls_cropFalse_defult_shape/02856.pkl,anyway,train,12,25,1,-1
55,0.9999999403953552,0.9999999403953552,0.9555543065071106,0.47709453105926514,0.8443639874458313,16.663681030273438,1.7870042324066162,0.0686720460653305,1.4922820329666138,0.010496953502297401,1.2539520263671875,02866,wlasl_pkls_cropFalse_defult_shape/02866.pkl,apart,train,20,25,1,-1
31,0.0,1.0,0.8194882869720459,0.047260310500860214,2.7740306854248047,169.78062438964844,13.363141059875488,0.08964027464389801,1.3656129837036133,0.007976862601935863,0.41129404306411743,02149,wlasl_pkls_cropFalse_defult_shape/02149.pkl,alphabet,test,11,25,1,-1
55,0.0,0.9999999403953552,0.8161507844924927,0.042166221886873245,0.9444498419761658,13.144569396972656,1.3596928119659424,0.1114010140299797,1.4725569486618042,0.006507106125354767,0.5314922332763672,04173,wlasl_pkls_cropFalse_defult_shape/04173.pkl,aunt,test,11,25,1,-1
107,0.7383177280426025,0.9999999403953552,0.8694561719894409,0.04731449484825134,2.9420130252838135,163.78732299804688,12.8031005859375,0.12048141658306122,1.4180026054382324,0.014814522117376328,2.1827754974365234,03481,wlasl_pkls_cropFalse_defult_shape/03481.pkl,art,test,13,25,1,-1
76,1.0,1.0,0.9027487635612488,0.16704386472702026,1.9256538152694702,39.39543151855469,3.8290698528289795,0.09144842624664307,1.4954975843429565,0.01373580377548933,1.4293365478515625,02592,wlasl_pkls_cropFalse_defult_shape/02592.pkl,animal,train,41,25,1,-1
84,0.4642857313156128,0.9880952835083008,0.7341746091842651,0.04436942934989929,4.001271724700928,2158.669677734375,33.96940612792969,0.08357978612184525,1.3910391330718994,0.009542690590023994,0.6873092651367188,02952,wlasl_pkls_cropFalse_defult_shape/02952.pkl,appear,train,35,25,1,-1
100,1.0,1.0,0.8290444612503052,0.033896517008543015,2.850877285003662,209.0500030517578,13.508870124816895,0.10378370434045792,1.5804221630096436,0.013647429645061493,1.5497570037841797,00597,wlasl_pkls_cropFalse_defult_shape/00597.pkl,accept,train,13,25,1,-1
46,0.0,1.0,0.826587975025177,0.062058039009571075,1.3575927019119263,145.5834503173828,7.45570182800293,0.1513047218322754,1.433359146118164,0.005803518462926149,0.6065541505813599,03638,wlasl_pkls_cropFalse_defult_shape/03638.pkl,asl,val,11,25,1,-1
90,1.0,0.9888889193534851,0.8608502745628357,0.04391724243760109,4.60040807723999,196.23020935058594,21.03441047668457,0.08916942775249481,1.540858507156372,0.013921448960900307,2.1893768310546875,02590,wlasl_pkls_cropFalse_defult_shape/02590.pkl,animal,train,5,25,1,-1
182,1.0,1.0,0.826880693435669,0.0547330379486084,4.45531702041626,167.5182342529297,14.3677396774292,0.08274640887975693,1.4530577659606934,0.021602747961878777,3.2615737915039062,03055,wlasl_pkls_cropFalse_defult_shape/03055.pkl,appointment,train,37,25,1,-1
58,1.0,1.0,0.8036682605743408,0.04024312272667885,6.003128528594971,166.3975830078125,20.453760147094727,0.08431261032819748,1.6185616254806519,0.013798044994473457,0.9557437896728516,01838,wlasl_pkls_cropFalse_defult_shape/01838.pkl,alcohol,train,25,25,1,-1
40,1.0,1.0,0.9478430151939392,0.3556816279888153,1.2815821170806885,40.8916015625,2.463894844055176,0.14050868153572083,1.7452356815338135,0.013072974979877472,0.6601085662841797,01322,wlasl_pkls_cropFalse_defult_shape/01322.pkl,affect,train,14,25,1,-1
93,0.6881720423698425,1.0,0.8371984958648682,0.05620914697647095,3.7426998615264893,167.0159454345703,16.074811935424805,0.0686069056391716,1.3079321384429932,0.010189452208578587,2.3532676696777344,03101,wlasl_pkls_cropFalse_defult_shape/03101.pkl,appropriate,train,26,25,1,-1
109,0.9999999403953552,0.9999999403953552,0.7979722023010254,0.059608981013298035,5.0283918380737305,156.85096740722656,21.579315185546875,0.08444660156965256,1.4236209392547607,0.010985861532390118,1.8698806762695312,03068,wlasl_pkls_cropFalse_defult_shape/03068.pkl,appreciate,test,2,25,1,-1
114,0.9736841917037964,1.0,0.8377642631530762,0.04460681974887848,4.846203804016113,9348.9794921875,121.4327621459961,0.08730317652225494,1.477791428565979,0.014174808748066425,1.6347122192382812,01643,wlasl_pkls_cropFalse_defult_shape/01643.pkl,aim,train,13,25,1,-1
42,1.0,1.0,0.7810376882553101,0.04883289709687233,6.048119068145752,167.14108276367188,20.422054290771484,0.10001242905855179,1.3870913982391357,0.017170386388897896,2.7363643646240234,01387,wlasl_pkls_cropFalse_defult_shape/01387.pkl,africa,train,6,25,1,-1
98,1.0,1.0,0.8415110111236572,0.04369126260280609,3.0545408725738525,195.1031951904297,13.713240623474121,0.08070863038301468,1.531317949295044,0.013767958618700504,1.8207435607910156,00629,wlasl_pkls_cropFalse_defult_shape/00629.pkl,accident,train,13,25,1,-1
33,1.0,1.0,0.8247769474983215,0.03946463018655777,9.225194931030273,148.58645629882812,20.154109954833984,0.11464223265647888,1.5754141807556152,0.025418775156140327,4.954963684082031,00890,wlasl_pkls_cropFalse_defult_shape/00890.pkl,activity,train,4,25,1,-1
70,1.0,1.0,0.8220911026000977,0.04344090074300766,3.9787237644195557,175.9239501953125,15.10862922668457,0.059596117585897446,1.4728397130966187,0.019967922940850258,2.06353759765625,02865,wlasl_pkls_cropFalse_defult_shape/02865.pkl,apart,train,13,25,1,-1
97,0.8556700944900513,0.10309278219938278,0.7742550373077393,0.04099702835083008,3.8049261569976807,188.5930938720703,16.899953842163086,0.0734550729393959,1.3039883375167847,0.008773398585617542,0.6841011047363281,01265,wlasl_pkls_cropFalse_defult_shape/01265.pkl,adverb,train,2,25,1,-1
113,0.7345132827758789,0.9026548862457275,0.8130943179130554,0.04676838219165802,4.09380578994751,195.7871856689453,16.226320266723633,0.0908813327550888,1.35969877243042,0.012389414012432098,1.2786521911621094,04129,wlasl_pkls_cropFalse_defult_shape/04129.pkl,audiologist,val,2,25,1,-1
46,1.0,1.0,0.9614368081092834,0.5589408874511719,0.9134921431541443,15.81138801574707,2.0180375576019287,0.08742936700582504,1.4410271644592285,0.00868593156337738,0.5281792283058167,02128,wlasl_pkls_cropFalse_defult_shape/02128.pkl,a lot,test,11,25,1,-1
30,0.8333333730697632,0.8666667342185974,0.8226891756057739,0.05038608983159065,8.112683296203613,201.35989379882812,25.702350616455078,0.09520192444324493,1.284965991973877,0.016277043148875237,0.6067711114883423,02712,wlasl_pkls_cropFalse_defult_shape/02712.pkl,answer,train,32,25,1,-1
43,1.0,1.0,0.8379135727882385,0.05094486474990845,6.2509918212890625,158.26052856445312,19.83662223815918,0.08839370310306549,1.4105099439620972,0.02310064807534218,4.900453567504883,02164,wlasl_pkls_cropFalse_defult_shape/02164.pkl,already,train,20,25,1,-1
73,1.0,1.0,0.8160020112991333,0.027626633644104004,4.035632610321045,366.2226867675781,14.757568359375,0.1075107678771019,1.743177890777588,0.016712745651602745,3.414417266845703,02131,wlasl_pkls_cropFalse_defult_shape/02131.pkl,a lot,train,12,25,1,-1
43,1.0,1.0,0.9231716394424438,0.42349064350128174,1.0953913927078247,29.4108829498291,2.5356087684631348,0.08841002732515335,1.3718345165252686,0.008786758407950401,0.4935283660888672,01466,wlasl_pkls_cropFalse_defult_shape/01466.pkl,again,train,11,25,1,-1
79,0.6582278609275818,0.7341772317886353,0.8133053183555603,0.026558611541986465,5.712926864624023,187.27120971679688,23.864154815673828,0.10079505294561386,1.4605566263198853,0.013184786774218082,0.8782100677490234,02718,wlasl_pkls_cropFalse_defult_shape/02718.pkl,answer,train,41,25,1,-1
43,1.0,1.0,0.9093744158744812,0.4372987151145935,1.11785089969635,20.56301498413086,2.41253399848938,0.0811329185962677,1.3846029043197632,0.009596912190318108,1.3428802490234375,01602,wlasl_pkls_cropFalse_defult_shape/01602.pkl,ahead,train,11,25,1,-1
34,0.9411764740943909,1.0,0.7566782832145691,0.04335098713636398,9.570629119873047,185.23974609375,26.521940231323242,0.09736919403076172,1.4824931621551514,0.01928606443107128,3.1520252227783203,02698,wlasl_pkls_cropFalse_defult_shape/02698.pkl,another,val,4,25,1,-1
44,1.0,1.0,0.9100822806358337,0.4605616331100464,0.6603571772575378,22.881799697875977,1.5094659328460693,0.13547682762145996,1.6610956192016602,0.012529692612588406,0.8324565887451172,04300,wlasl_pkls_cropFalse_defult_shape/04300.pkl,available,test,9,25,5235,5291
114,0.7280701994895935,0.7719298601150513,0.8150714039802551,0.055725499987602234,3.007124662399292,202.069580078125,15.312344551086426,0.09004441648721695,1.3547924757003784,0.011230877600610256,1.289849042892456,00944,wlasl_pkls_cropFalse_defult_shape/00944.pkl,adapt,val,2,25,1,-1
39,0.7948718070983887,0.7179487347602844,0.7697637677192688,0.057059794664382935,9.559381484985352,184.57090759277344,24.595983505249023,0.06827912479639053,1.2759817838668823,0.017472844570875168,1.4368572235107422,02009,wlasl_pkls_cropFalse_defult_shape/02009.pkl,alligator,val,31,25,1,-1
114,1.0,1.0,0.8585713505744934,0.17228136956691742,2.595100164413452,87.75724792480469,6.6579766273498535,0.0795532613992691,1.3524450063705444,0.012910977937281132,2.1716175079345703,02645,wlasl_pkls_cropFalse_defult_shape/02645.pkl,annoy,train,34,25,1,-1
55,0.9999999403953552,0.9999999403953552,0.8104763627052307,0.03529341518878937,2.7778842449188232,144.8580322265625,11.89219856262207,0.11194603890180588,1.4794590473175049,0.010894989594817162,2.3247547149658203,02700,wlasl_pkls_cropFalse_defult_shape/02700.pkl,another,train,20,25,1,-1
43,1.0,1.0,0.880891740322113,0.3296095132827759,1.5449764728546143,36.88178634643555,3.2243261337280273,0.15731503069400787,1.462797999382019,0.011804161593317986,0.5732593536376953,03768,wlasl_pkls_cropFalse_defult_shape/03768.pkl,assist,train,10,25,1,-1
35,1.0,1.0,0.9335657358169556,0.4603545665740967,0.9197051525115967,20.615528106689453,2.6185450553894043,0.11486904323101044,1.498512625694275,0.010589216835796833,1.5019264221191406,01457,wlasl_pkls_cropFalse_defult_shape/01457.pkl,again,test,9,25,1139,1178
28,1.0,1.0,0.7883338332176208,0.023915473371744156,4.861832618713379,387.27020263671875,20.94854736328125,0.10966280102729797,1.4941424131393433,0.013053941540420055,5.405879974365234,03797,wlasl_pkls_cropFalse_defult_shape/03797.pkl,assume,test,9,25,4300,4342
63,0.7460317611694336,0.7619048357009888,0.8590386509895325,0.046484291553497314,6.067408084869385,201.3182373046875,22.33977508544922,0.10302556306123734,1.4900641441345215,0.015534662641584873,2.3195648193359375,01996,wlasl_pkls_cropFalse_defult_shape/01996.pkl,all,test,5,25,1,-1
152,0.8815789818763733,1.0,0.7870813608169556,0.05705631151795387,2.218640089035034,151.50143432617188,10.335346221923828,0.1082986444234848,1.4430079460144043,0.00890494417399168,0.7949619293212891,01066,wlasl_pkls_cropFalse_defult_shape/01066.pkl,adjective,train,13,25,1,-1
82,0.7682926654815674,0.8658536076545715,0.8280624151229858,0.028047308325767517,4.846055507659912,203.2669677734375,20.482906341552734,0.08177484571933746,1.4493249654769897,0.012380186468362808,1.3748359680175781,03443,wlasl_pkls_cropFalse_defult_shape/03443.pkl,arrive,train,5,25,1,-1
32,0.0,1.0,0.8201814293861389,0.06240034103393555,4.738987922668457,149.41200256347656,20.84258460998535,0.09240064769983292,1.3224830627441406,0.006101946346461773,0.43056297302246094,02177,wlasl_pkls_cropFalse_defult_shape/02177.pkl,also,train,11,25,1,-1
64,0.75,1.0,0.8250444531440735,0.04016821086406708,2.839268207550049,163.42669677734375,11.438653945922852,0.15130102634429932,1.5156612396240234,0.011843913234770298,2.292278289794922,02828,wlasl_pkls_cropFalse_defult_shape/02828.pkl,any,train,10,25,1,-1
59,0.8644067645072937,1.0,0.8334278464317322,0.03257564455270767,6.36421537399292,277.9282531738281,22.472976684570312,0.1314065009355545,1.6586153507232666,0.01652153581380844,2.028217315673828,04106,wlasl_pkls_cropFalse_defult_shape/04106.pkl,auction,train,12,25,1,-1
91,1.0,0.7692307829856873,0.8813694715499878,0.18273906409740448,1.2920036315917969,37.646934509277344,3.110313653945923,0.11760932207107544,1.4693959951400757,0.010074468329548836,0.6426010131835938,04048,wlasl_pkls_cropFalse_defult_shape/04048.pkl,attitude,train,41,25,1,-1
51,1.0,1.0,0.9819270968437195,0.5650480389595032,0.8133452534675598,13.814849853515625,1.8813363313674927,0.0792412981390953,1.6410795450210571,0.015499870292842388,1.5567665100097656,02581,wlasl_pkls_cropFalse_defult_shape/02581.pkl,animal,train,9,25,2580,2646
32,1.0,1.0,0.878621518611908,0.0398271344602108,6.8753790855407715,161.63778686523438,21.03456687927246,0.09941080212593079,1.5247944593429565,0.023482557386159897,1.8972415924072266,00594,wlasl_pkls_cropFalse_defult_shape/00594.pkl,accept,train,6,25,1,-1
31,1.0,1.0,0.9412038326263428,0.38953107595443726,1.2790743112564087,20.1939754486084,2.2021148204803467,0.08460065722465515,1.3132392168045044,0.014914649538695812,0.6424522399902344,04073,wlasl_pkls_cropFalse_defult_shape/04073.pkl,attract,train,11,25,1,-1
104,1.0,1.0,0.8636021018028259,0.15641319751739502,1.7062749862670898,68.54598236083984,4.714714050292969,0.09928819537162781,1.5367002487182617,0.014456515200436115,1.6440353393554688,03449,wlasl_pkls_cropFalse_defult_shape/03449.pkl,arrogant,train,38,25,1,-1
72,1.0,1.0,0.7924918532371521,0.02628270536661148,9.563323974609375,164.92999267578125,31.72336769104004,0.1378541886806488,2.0066285133361816,0.022540723904967308,9.753198623657227,02548,wlasl_pkls_cropFalse_defult_shape/02548.pkl,angel,train,12,25,1,-1
25,1.0,1.0,0.9837777018547058,0.5984482169151306,1.4245986938476562,18.357559204101562,2.5109341144561768,0.09556640684604645,1.5835987329483032,0.01226909551769495,1.2527732849121094,04120,wlasl_pkls_cropFalse_defult_shape/04120.pkl,audience,val,11,25,1,-1
60,1.0,1.0,0.7176882028579712,0.044218357652425766,10.490090370178223,1596.5274658203125,44.770408630371094,0.11316955834627151,1.3377012014389038,0.013390675187110901,1.924692153930664,03317,wlasl_pkls_cropFalse_defult_shape/03317.pkl,arizona,train,20,25,1,-1
83,0.7469879388809204,0.9999999403953552,0.7794457674026489,0.057626284658908844,3.542459726333618,182.3935089111328,15.081811904907227,0.08352339267730713,1.3695852756500244,0.011936102993786335,1.110832929611206,01554,wlasl_pkls_cropFalse_defult_shape/01554.pkl,ago,test,13,25,1,-1
18,1.0,1.0,0.9813615679740906,0.711443305015564,1.404923677444458,50.35871505737305,4.905806541442871,0.0800255537033081,1.5798146724700928,0.02715771272778511,2.8525161743164062,01372,wlasl_pkls_cropFalse_defult_shape/01372.pkl,afraid,val,9,25,984,1007
66,0.0,0.6666666865348816,0.7602627873420715,0.023777253925800323,3.948309898376465,197.69956970214844,18.501728057861328,0.1094394251704216,1.414028286933899,0.009620855562388897,0.814704179763794,03635,wlasl_pkls_cropFalse_defult_shape/03635.pkl,asl,train,36,25,1,-1
39,1.0,1.0,0.9330071210861206,0.06287802755832672,4.026016712188721,138.45623779296875,10.090229034423828,0.1252148449420929,1.7765828371047974,0.025562889873981476,2.7264957427978516,04187,wlasl_pkls_cropFalse_defult_shape/04187.pkl,australia,train,45,25,1,-1
44,1.0,1.0,0.9114563465118408,0.49442970752716064,1.2612067461013794,20.32134437561035,2.2870419025421143,0.08702026307582855,1.511880874633789,0.012160255573689938,0.7505893707275391,00949,wlasl_pkls_cropFalse_defult_shape/00949.pkl,adapt,train,11,25,1,-1
38,1.0,1.0,0.9739731550216675,0.6631909608840942,0.9277703762054443,19.869728088378906,1.975885033607483,0.06925993412733078,1.3287100791931152,0.009145522490143776,1.0804443359375,04230,wlasl_pkls_cropFalse_defult_shape/04230.pkl,authority,val,11,25,1,-1
37,1.0,1.0,0.9454012513160706,0.3683469295501709,0.6758427619934082,13.679800987243652,1.5186671018600464,0.0881715714931488,1.5559132099151611,0.011689769104123116,1.4755706787109375,02634,wlasl_pkls_cropFalse_defult_shape/02634.pkl,annoy,test,9,25,2780,2822
46,1.0,1.0,0.9406712055206299,0.5317147970199585,1.0054857730865479,25.348867416381836,2.4786322116851807,0.07972662895917892,1.3993608951568604,0.015543605200946331,3.1479034423828125,03752,wlasl_pkls_cropFalse_defult_shape/03752.pkl,assistant,val,9,25,4243,4299
73,1.0,1.0,0.8579803705215454,0.05846548452973366,3.7944490909576416,157.84075927734375,14.986358642578125,0.09393732249736786,1.4239453077316284,0.013342543505132198,1.1418304443359375,02482,wlasl_pkls_cropFalse_defult_shape/02482.pkl,analyze,train,16,25,1,-1
40,1.0,1.0,0.8851077556610107,0.04892442747950554,6.854319095611572,150.34129333496094,17.760162353515625,0.09807751327753067,1.7836239337921143,0.026599135249853134,8.635046005249023,03273,wlasl_pkls_cropFalse_defult_shape/03273.pkl,argue,train,31,25,1,-1
62,0.9516128897666931,1.0,0.8584208488464355,0.039618320763111115,6.547048091888428,193.7490997314453,25.036930084228516,0.10014658421278,1.4964755773544312,0.014889794401824474,2.746074676513672,00857,wlasl_pkls_cropFalse_defult_shape/00857.pkl,action,train,5,25,1,-1
27,1.0,1.0,0.8928552865982056,0.3829970359802246,0.953747570514679,12.02568244934082,1.8588045835494995,0.1221754178404808,1.3674983978271484,0.00636781333014369,0.2572135925292969,03769,wlasl_pkls_cropFalse_defult_shape/03769.pkl,assist,train,11,25,1,-1
8,1.0,1.0,0.808444619178772,0.04319675266742706,4.050294876098633,136.4044189453125,15.537736892700195,0.132350355386734,1.2460325956344604,0.012115665711462498,1.0092363357543945,04039,wlasl_pkls_cropFalse_defult_shape/04039.pkl,attitude,test,9,25,4453,4499
39,1.0,1.0,0.947504997253418,0.20759251713752747,2.2370598316192627,35.38817596435547,4.386630535125732,0.12115879356861115,1.375975251197815,0.02035409025847912,1.4622249603271484,03518,wlasl_pkls_cropFalse_defult_shape/03518.pkl,artist,val,14,25,1,-1
93,0.9892473220825195,1.0,0.8229552507400513,0.04911686107516289,3.9186177253723145,171.40420532226562,16.034879684448242,0.09475547075271606,1.317367672920227,0.010014520958065987,1.3156681060791016,04011,wlasl_pkls_cropFalse_defult_shape/04011.pkl,attention,train,26,25,1,-1
62,1.0,1.0,0.7699609994888306,0.05721919238567352,6.408320426940918,184.2961883544922,21.41081428527832,0.0999884158372879,1.5123493671417236,0.018024438992142677,2.1854991912841797,01989,wlasl_pkls_cropFalse_defult_shape/01989.pkl,all,train,14,25,1,-1
64,0.859375,1.0,0.7667555809020996,0.0503012053668499,5.526371479034424,151.3667449951172,17.388221740722656,0.10451111942529678,1.4822626113891602,0.016680536791682243,1.7185840606689453,02826,wlasl_pkls_cropFalse_defult_shape/02826.pkl,any,train,13,25,1,-1
42,1.0,1.0,0.8202808499336243,0.04231494665145874,1.2797317504882812,112.70931243896484,5.548171043395996,0.10262670367956161,1.444060206413269,0.0093382578343153,2.7135868072509766,03328,wlasl_pkls_cropFalse_defult_shape/03328.pkl,arm,test,9,25,3760,3822
66,0.7575757503509521,0.9696969985961914,0.7953773736953735,0.02974746935069561,7.143134117126465,4967.99853515625,87.30350494384766,0.11034588515758514,1.6290379762649536,0.014340441673994064,1.4065113067626953,00851,wlasl_pkls_cropFalse_defult_shape/00851.pkl,act,train,12,25,1,-1
67,0.6119402647018433,0.6865671277046204,0.7947977185249329,0.03599957004189491,4.228734493255615,183.77174377441406,16.518648147583008,0.13449682295322418,1.5110317468643188,0.015525038354098797,1.586008071899414,01515,wlasl_pkls_cropFalse_defult_shape/01515.pkl,agenda,train,12,25,1,-1
39,1.0,1.0,0.974959135055542,0.49576258659362793,1.5077630281448364,36.79673767089844,4.796595573425293,0.07715993374586105,1.5483720302581787,0.019373472779989243,2.616117477416992,02564,wlasl_pkls_cropFalse_defult_shape/02564.pkl,angry,test,9,25,2533,2579
21,1.0,1.0,0.9607850909233093,0.6290249824523926,0.7828751802444458,22.360679626464844,2.4243111610412598,0.10470373928546906,1.546319842338562,0.00786878727376461,1.3810157775878906,04288,wlasl_pkls_cropFalse_defult_shape/04288.pkl,autumn,train,9,25,5182,5234
75,0.06666667014360428,0.746666669845581,0.803104817867279,0.04026820510625839,2.993060350418091,217.1360321044922,12.39291000366211,0.11029943078756332,1.4510999917984009,0.013348851352930069,1.8735942840576172,03569,wlasl_pkls_cropFalse_defult_shape/03569.pkl,asia,val,5,25,1,-1
133,0.04511278122663498,0.7443609237670898,0.7673343420028687,0.047912389039993286,3.6666510105133057,562.1000366210938,15.600940704345703,0.07106553018093109,1.3237955570220947,0.011514122597873211,0.647465705871582,03799,wlasl_pkls_cropFalse_defult_shape/03799.pkl,assume,val,2,25,1,-1
41,0.9999999403953552,0.9999999403953552,0.8866104483604431,0.04037468507885933,6.550381660461426,153.67591857910156,18.046031951904297,0.0987350195646286,1.4984338283538818,0.021805301308631897,4.382867813110352,03069,wlasl_pkls_cropFalse_defult_shape/03069.pkl,appreciate,train,4,25,1,-1
95,0.8315789699554443,1.0,0.8143974542617798,0.030268557369709015,5.44488000869751,202.23043823242188,20.401430130004883,0.10398159176111221,1.6371058225631714,0.018190007656812668,1.622201919555664,00904,wlasl_pkls_cropFalse_defult_shape/00904.pkl,actor,train,12,25,1,-1
56,1.0,1.0,0.9732662439346313,0.360721230506897,1.775448203086853,28.035629272460938,3.1498706340789795,0.09741539508104324,1.5126874446868896,0.014122708700597286,1.2052001953125,00872,wlasl_pkls_cropFalse_defult_shape/00872.pkl,active,val,10,25,1,-1
45,0.7777777910232544,0.8444444537162781,0.777010440826416,0.05361195281147957,5.838050842285156,169.162353515625,19.964895248413086,0.07677509635686874,1.332152247428894,0.017807429656386375,5.499258041381836,03237,wlasl_pkls_cropFalse_defult_shape/03237.pkl,area,val,32,25,1,-1
39,0.8974359035491943,0.9230769276618958,0.8258011937141418,0.048884712159633636,6.544405937194824,180.67391967773438,22.15778923034668,0.08383781462907791,1.3338168859481812,0.015836255624890327,1.1911485195159912,03437,wlasl_pkls_cropFalse_defult_shape/03437.pkl,arrive,train,6,25,1,-1
35,0.8285714387893677,0.8857142925262451,0.7710350751876831,0.04356316104531288,7.857974052429199,194.20651245117188,24.917390823364258,0.08992276340723038,1.3608547449111938,0.017355449497699738,2.375844955444336,01065,wlasl_pkls_cropFalse_defult_shape/01065.pkl,adjective,train,4,25,1,-1
26,1.0,1.0,0.9768108129501343,0.556376039981842,0.6115857362747192,16.124515533447266,1.3020679950714111,0.08844424784183502,1.4495093822479248,0.009137704037129879,0.9910850524902344,01159,wlasl_pkls_cropFalse_defult_shape/01159.pkl,adopt,val,11,25,1,-1
79,1.0,1.0,0.7654710412025452,0.029636511579155922,8.962646484375,477.34014892578125,34.05897521972656,0.12342086434364319,1.6375857591629028,0.01583322510123253,1.4849929809570312,00874,wlasl_pkls_cropFalse_defult_shape/00874.pkl,active,train,12,25,1,-1
55,0.9818181395530701,0.9999999403953552,0.7986582517623901,0.035781484097242355,5.6992034912109375,167.59185791015625,19.28019905090332,0.15731178224086761,1.576839566230774,0.01516018807888031,1.2219009399414062,03485,wlasl_pkls_cropFalse_defult_shape/03485.pkl,art,train,25,25,1,-1
64,0.5625,0.6875,0.7868897318840027,0.03025773912668228,5.77370548248291,216.41392517089844,24.02423095703125,0.09098170697689056,1.5691460371017456,0.01171441562473774,1.5641632080078125,03771,wlasl_pkls_cropFalse_defult_shape/03771.pkl,assist,train,12,25,1,-1
92,1.0,1.0,0.8682262301445007,0.039417169988155365,3.1776716709136963,181.2939453125,14.504825592041016,0.0801808089017868,1.6176270246505737,0.017085624858736992,1.764577865600586,02587,wlasl_pkls_cropFalse_defult_shape/02587.pkl,animal,test,13,25,1,-1
65,0.6000000238418579,0.8769230842590332,0.8007175922393799,0.03907516598701477,4.373016834259033,166.82440185546875,17.07111167907715,0.09554644674062729,1.5111550092697144,0.01703694462776184,2.3831920623779297,01442,wlasl_pkls_cropFalse_defult_shape/01442.pkl,afternoon,train,12,25,1,-1
44,0.9772727489471436,1.0,0.8941763639450073,0.04591211676597595,7.836085796356201,183.1671142578125,22.90587615966797,0.09581097215414047,1.5512367486953735,0.023769840598106384,3.020822525024414,00667,wlasl_pkls_cropFalse_defult_shape/00667.pkl,accomplish,test,24,25,1,-1
40,0.875,0.925000011920929,0.8597158789634705,0.05140281096100807,6.687136650085449,169.68215942382812,21.735898971557617,0.06722519546747208,1.4001686573028564,0.020016778260469437,3.296682357788086,02566,wlasl_pkls_cropFalse_defult_shape/02566.pkl,angry,train,31,25,1,-1
34,0.8823529481887817,0.9117646813392639,0.825568675994873,0.04928681626915932,6.966032028198242,186.3574981689453,24.256832122802734,0.02875545062124729,1.3249298334121704,0.015291880816221237,1.9062232971191406,03235,wlasl_pkls_cropFalse_defult_shape/03235.pkl,area,train,32,25,1,-1
87,0.14942528307437897,0.6781609058380127,0.7785435318946838,0.03673576936125755,4.433592319488525,202.33694458007812,19.355819702148438,0.10913334786891937,1.3588556051254272,0.011587129905819893,2.321582794189453,02236,wlasl_pkls_cropFalse_defult_shape/02236.pkl,always,train,5,25,1,-1
37,1.0,1.0,0.8421795964241028,0.049206361174583435,7.453451156616211,195.20159912109375,22.129871368408203,0.08744687587022781,1.301710605621338,0.018194586038589478,0.7872161865234375,03338,wlasl_pkls_cropFalse_defult_shape/03338.pkl,arm,train,32,25,1,-1
94,0.9893616437911987,0.9999999403953552,0.8293981552124023,0.0518219880759716,3.2731096744537354,156.88232421875,12.699331283569336,0.04937083274126053,1.397749662399292,0.015942197293043137,1.9375114440917969,03238,wlasl_pkls_cropFalse_defult_shape/03238.pkl,area,train,13,25,1,-1
44,1.0,1.0,0.9117961525917053,0.37186717987060547,1.6374857425689697,24.041629791259766,2.8749637603759766,0.11361417174339294,1.4359533786773682,0.013906711712479591,0.6842661499977112,02178,wlasl_pkls_cropFalse_defult_shape/02178.pkl,also,train,11,25,1,-1
54,1.0,1.0,0.8173776268959045,0.05318262800574303,1.8773643970489502,131.9063720703125,8.861451148986816,0.12388379871845245,1.5084260702133179,0.00956658273935318,1.990478515625,02227,wlasl_pkls_cropFalse_defult_shape/02227.pkl,always,train,9,25,2106,2168
33,0.0,1.0,0.8355015516281128,0.08157223463058472,2.270364999771118,138.21588134765625,11.664704322814941,0.067985899746418,1.432624101638794,0.005328657571226358,0.4208061695098877,01122,wlasl_pkls_cropFalse_defult_shape/01122.pkl,admit,train,11,25,1,-1
38,1.0,1.0,0.8773580193519592,0.05123825743794441,7.015190601348877,170.8383026123047,21.030485153198242,0.06799692660570145,1.4443165063858032,0.023503372445702553,1.773569107055664,01956,wlasl_pkls_cropFalse_defult_shape/01956.pkl,allergy,train,31,25,1,-1
35,1.0,1.0,0.8123115301132202,0.037266071885824203,3.5952517986297607,156.04322814941406,17.70629119873047,0.11309519410133362,1.4274293184280396,0.008914230391383171,2.6747379302978516,03587,wlasl_pkls_cropFalse_defult_shape/03587.pkl,ask,test,9,25,4073,4112
71,0.98591548204422,1.0,0.8123189210891724,0.02971775084733963,5.772940158843994,1958.0634765625,37.597957611083984,0.09330698102712631,1.6463127136230469,0.01679658517241478,1.9293231964111328,03207,wlasl_pkls_cropFalse_defult_shape/03207.pkl,archery,train,12,25,1,-1
74,1.0,1.0,0.7606619000434875,0.030519457533955574,9.133488655090332,201.8668212890625,29.700782775878906,0.09879275411367416,1.4194051027297974,0.011042092926800251,1.1727542877197266,04133,wlasl_pkls_cropFalse_defult_shape/04133.pkl,audiologist,train,62,25,1,-1
114,0.6929824352264404,0.7982456088066101,0.8333777189254761,0.051898255944252014,2.759082317352295,177.29928588867188,14.192672729492188,0.06629974395036697,1.3813236951828003,0.011219574138522148,1.426971435546875,03056,wlasl_pkls_cropFalse_defult_shape/03056.pkl,appointment,train,2,25,1,-1
43,0.7209302186965942,0.9534883499145508,0.7769295573234558,0.041341159492731094,8.33308219909668,176.598388671875,22.709196090698242,0.11837311089038849,1.3333572149276733,0.015056036412715912,0.886176347732544,01386,wlasl_pkls_cropFalse_defult_shape/01386.pkl,africa,test,6,25,1,-1
100,1.0,1.0,0.8207067847251892,0.0481940433382988,3.2904438972473145,176.0076904296875,14.215421676635742,0.09895287454128265,1.616067886352539,0.013974885456264019,2.415800094604492,00664,wlasl_pkls_cropFalse_defult_shape/00664.pkl,accomplish,val,13,25,1,-1
61,0.9999999403953552,0.9999999403953552,0.7589724063873291,0.03188437595963478,10.201388359069824,910.377197265625,38.120513916015625,0.13065233826637268,1.5982054471969604,0.015203799121081829,1.7726211547851562,04160,wlasl_pkls_cropFalse_defult_shape/04160.pkl,august,test,5,25,1,-1
36,1.0,1.0,0.9374881982803345,0.37814241647720337,2.2156429290771484,47.522125244140625,4.748693943023682,0.10896886885166168,1.3311694860458374,0.014707537367939949,0.8330917358398438,01248,wlasl_pkls_cropFalse_defult_shape/01248.pkl,advantage,test,14,25,1,-1
195,1.0,1.0,0.8048343658447266,0.05245616286993027,1.8857753276824951,327.5916748046875,9.478172302246094,0.10721387714147568,1.518484354019165,0.008382761850953102,1.8105144500732422,03156,wlasl_pkls_cropFalse_defult_shape/03156.pkl,april,train,13,25,1,-1
77,0.7402597665786743,0.7532467246055603,0.8578168153762817,0.037845660001039505,4.624997138977051,176.089599609375,17.260181427001953,0.07600203901529312,1.3524682521820068,0.01578904315829277,1.1252994537353516,02475,wlasl_pkls_cropFalse_defult_shape/02475.pkl,analyze,test,2,25,1,-1
68,1.0,1.0,0.785063624382019,0.05935417860746384,6.009431838989258,183.06053161621094,22.106204986572266,0.11238371580839157,1.4013596773147583,0.01604630798101425,1.9775009155273438,01509,wlasl_pkls_cropFalse_defult_shape/01509.pkl,agenda,train,14,25,1,-1
61,0.9999999403953552,0.9999999403953552,0.8490356802940369,0.03522031009197235,4.000098705291748,155.51463317871094,18.255756378173828,0.12105228751897812,1.517578363418579,0.013475045561790466,1.8195438385009766,04128,wlasl_pkls_cropFalse_defult_shape/04128.pkl,audiologist,test,9,25,4731,4820
52,0.7307692766189575,0.826923131942749,0.8243076801300049,0.04406679421663284,8.32519245147705,204.03485107421875,27.550045013427734,0.05793406814336777,1.2961865663528442,0.016430366784334183,1.9927825927734375,02652,wlasl_pkls_cropFalse_defult_shape/02652.pkl,annoy,val,16,25,1,-1
28,0.0714285746216774,0.9285714626312256,0.7919959425926208,0.052278466522693634,7.761214256286621,166.55874633789062,21.74445152282715,0.09985711425542831,1.3628250360488892,0.016428761184215546,0.645710289478302,00627,wlasl_pkls_cropFalse_defult_shape/00627.pkl,accident,val,6,25,1,-1
20,1.0,1.0,0.9836596250534058,0.7482119798660278,1.3597944974899292,27.658634185791016,3.3070223331451416,0.08804114907979965,1.5431642532348633,0.015300623141229153,0.6546611785888672,01377,wlasl_pkls_cropFalse_defult_shape/01377.pkl,afraid,val,11,25,1,-1
55,0.9999999403953552,0.9999999403953552,0.9702841639518738,0.5273171067237854,0.7919062972068787,18.407100677490234,1.7813587188720703,0.10851162672042847,1.6900765895843506,0.011736535467207432,0.9419784545898438,01475,wlasl_pkls_cropFalse_defult_shape/01475.pkl,against,train,20,25,1,-1
64,1.0,1.0,0.8634986281394958,0.034131187945604324,8.809818267822266,209.21957397460938,32.63326644897461,0.10674604773521423,1.5589700937271118,0.01595761813223362,1.5373592376708984,02562,wlasl_pkls_cropFalse_defult_shape/02562.pkl,angle,train,30,25,1,-1
126,1.0,1.0,0.803009033203125,0.04878649115562439,3.035477876663208,177.9010772705078,12.794384002685547,0.12557733058929443,1.5563249588012695,0.011282253079116344,1.6360015869140625,01318,wlasl_pkls_cropFalse_defult_shape/01318.pkl,affect,val,19,25,1,-1
106,0.7169811725616455,1.0,0.8170129060745239,0.06373119354248047,2.98276686668396,158.2569580078125,12.74780559539795,0.1104443296790123,1.2936674356460571,0.011363616213202477,2.090153694152832,01244,wlasl_pkls_cropFalse_defult_shape/01244.pkl,advantage,val,2,25,1,-1
46,1.0,1.0,0.9377043843269348,0.4301031827926636,1.2044779062271118,30.11172103881836,2.363344669342041,0.10676832497119904,1.5270498991012573,0.011846134439110756,0.5874614715576172,02480,wlasl_pkls_cropFalse_defult_shape/02480.pkl,analyze,val,11,25,1,-1
71,0.8309859037399292,1.0,0.8256110548973083,0.04994521662592888,5.472883701324463,1711.5577392578125,34.01115798950195,0.07946427166461945,1.4478472471237183,0.012065840885043144,1.2800025939941406,03361,wlasl_pkls_cropFalse_defult_shape/03361.pkl,army,train,2,25,1,-1
63,1.0,1.0,0.913043200969696,0.34755903482437134,2.2668187618255615,39.211143493652344,4.180283069610596,0.1272355020046234,1.4840792417526245,0.015758944675326347,2.8421783447265625,04054,wlasl_pkls_cropFalse_defult_shape/04054.pkl,attorney,train,18,25,1,-1
58,1.0,1.0,0.8339049816131592,0.03118276596069336,6.6328630447387695,194.83731079101562,24.48053741455078,0.10104282945394516,1.6330829858779907,0.022982822731137276,3.346895217895508,01587,wlasl_pkls_cropFalse_defult_shape/01587.pkl,agreement,train,12,25,1,-1
69,0.42028987407684326,0.9275362491607666,0.7192656397819519,0.04162973538041115,10.183435440063477,342.60919189453125,32.501834869384766,0.06366677582263947,1.3254506587982178,0.013908247463405132,1.439239501953125,01552,wlasl_pkls_cropFalse_defult_shape/01552.pkl,ago,train,2,25,1,-1
77,0.5584415793418884,0.5584415793418884,0.8167514204978943,0.03614923357963562,4.578776836395264,220.34388732910156,20.586727142333984,0.10163965076208115,1.5442484617233276,0.01586872711777687,2.8991641998291016,03128,wlasl_pkls_cropFalse_defult_shape/03128.pkl,approve,val,5,25,1,-1
28,0.0,1.0,0.8467187285423279,0.13592439889907837,0.8090117573738098,15.231546401977539,1.5971322059631348,0.06411436945199966,1.4312411546707153,0.010039122775197029,0.7251529693603516,01556,wlasl_pkls_cropFalse_defult_shape/01556.pkl,ago,train,11,25,1,-1
35,0.9714285731315613,1.0,0.8670212030410767,0.04872261360287666,6.617119312286377,174.8890380859375,20.57635498046875,0.06508399546146393,1.3391000032424927,0.01727795973420143,1.2406444549560547,03438,wlasl_pkls_cropFalse_defult_shape/03438.pkl,arrive,train,6,25,1,-1
78,0.7051281929016113,0.7692307829856873,0.833626389503479,0.03243951126933098,4.015007019042969,175.39035034179688,16.042417526245117,0.055064599961042404,1.5380475521087646,0.014505980536341667,1.160308837890625,03246,wlasl_pkls_cropFalse_defult_shape/03246.pkl,area,train,12,25,1,-1
37,1.0,1.0,0.8109512329101562,0.04981786385178566,2.3702244758605957,1855.4991455078125,42.81774139404297,0.11393231898546219,1.5613994598388672,0.009789355099201202,2.3528785705566406,00581,wlasl_pkls_cropFalse_defult_shape/00581.pkl,accent,test,9,25,291,343
81,0.9876543283462524,1.0,0.797668993473053,0.04534255340695381,3.680715799331665,153.77035522460938,14.09578800201416,0.09667212516069412,1.4000228643417358,0.01310652308166027,1.1522254943847656,02126,wlasl_pkls_cropFalse_defult_shape/02126.pkl,a lot,train,15,25,1,-1
124,0.0,0.35483869910240173,0.6867712736129761,0.05271269008517265,2.928485631942749,189.32540893554688,13.496166229248047,0.09304877370595932,1.2935569286346436,0.006811337545514107,1.287557601928711,01383,wlasl_pkls_cropFalse_defult_shape/01383.pkl,africa,train,35,25,1,-1
73,0.8904109597206116,1.0,0.7725741863250732,0.06044392287731171,3.574050188064575,149.1588134765625,14.793067932128906,0.0699683278799057,1.4230293035507202,0.010398855432868004,1.0113658905029297,02519,wlasl_pkls_cropFalse_defult_shape/02519.pkl,and,train,13,25,1,-1
41,0.9024389982223511,0.9512194991111755,0.8342196941375732,0.0485021136701107,7.799571514129639,169.79261779785156,22.172330856323242,0.028826359659433365,1.357338786125183,0.026538582518696785,3.361757278442383,03480,wlasl_pkls_cropFalse_defult_shape/03480.pkl,art,val,31,25,1,-1
78,1.0,1.0,0.816393256187439,0.027996795251965523,1.9585762023925781,176.5578155517578,11.809473991394043,0.08149105310440063,1.393921971321106,0.00990127120167017,3.79913330078125,02143,wlasl_pkls_cropFalse_defult_shape/02143.pkl,alphabet,train,9,25,1916,2008
77,0.7402597665786743,0.7272727489471436,0.7981521487236023,0.03763800486922264,5.296627521514893,217.49586486816406,22.30539894104004,0.0781266912817955,1.366613507270813,0.012930994853377342,1.2721824645996094,01603,wlasl_pkls_cropFalse_defult_shape/01603.pkl,ahead,val,5,25,1,-1
56,0.0,0.6785714626312256,0.7643057107925415,0.050014618784189224,8.095226287841797,226.60679626464844,30.648073196411133,0.11811709403991699,1.3092368841171265,0.01292780414223671,2.814586639404297,02000,wlasl_pkls_cropFalse_defult_shape/02000.pkl,all,train,5,25,1,-1
81,1.0,1.0,0.816002368927002,0.043135352432727814,3.3596317768096924,153.02500915527344,13.88521957397461,0.07225700467824936,1.4293384552001953,0.014196187257766724,1.4139823913574219,01074,wlasl_pkls_cropFalse_defult_shape/01074.pkl,adjust,val,15,25,1,-1
42,1.0,1.0,0.9155119061470032,0.41968363523483276,1.0690809488296509,30.4138126373291,1.9872156381607056,0.052768975496292114,1.3649765253067017,0.013977930881083012,2.3608226776123047,03204,wlasl_pkls_cropFalse_defult_shape/03204.pkl,archery,train,11,25,1,-1
52,1.0,1.0,0.7546660304069519,0.04094211757183075,6.329233646392822,164.86459350585938,19.869266510009766,0.13501977920532227,1.5142500400543213,0.012472248636186123,1.2144908905029297,04047,wlasl_pkls_cropFalse_defult_shape/04047.pkl,attitude,val,25,25,1,-1
103,0.49514564871788025,1.0,0.7579243183135986,0.05616922676563263,3.9496371746063232,190.38063049316406,16.085861206054688,0.07270003855228424,1.3385975360870361,0.01099587231874466,1.4420299530029297,01388,wlasl_pkls_cropFalse_defult_shape/01388.pkl,africa,train,13,25,1,-1
53,1.0,1.0,0.8801299929618835,0.19486361742019653,3.767049551010132,79.07231903076172,7.385576248168945,0.09859803318977356,1.4646204710006714,0.018311958760023117,1.3013019561767578,01435,wlasl_pkls_cropFalse_defult_shape/01435.pkl,afternoon,train,46,25,1,-1
74,0.7027027010917664,0.7432432770729065,0.8253892064094543,0.0406828336417675,6.146878719329834,206.3751983642578,23.359872817993164,0.11925933510065079,1.5676453113555908,0.016847649589180946,3.415525436401367,00873,wlasl_pkls_cropFalse_defult_shape/00873.pkl,active,train,5,25,1,-1
48,1.0,1.0,0.9044676423072815,0.30336958169937134,2.9496660232543945,30.888952255249023,4.706193447113037,0.07655168324708939,1.430305004119873,0.018235234543681145,0.9223556518554688,03058,wlasl_pkls_cropFalse_defult_shape/03058.pkl,appointment,test,46,25,1,-1
88,0.7840909361839294,0.7954545617103577,0.85295569896698,0.03144216910004616,4.080512523651123,187.88931274414062,15.333050727844238,0.04626038298010826,1.3591704368591309,0.014132051728665829,0.8273218870162964,02643,wlasl_pkls_cropFalse_defult_shape/02643.pkl,annoy,train,37,25,1,-1
49,1.0,1.0,0.9646406173706055,0.5752928256988525,0.8204212188720703,26.605451583862305,1.821759581565857,0.1045149564743042,1.5752134323120117,0.015400556847453117,2.984537124633789,02622,wlasl_pkls_cropFalse_defult_shape/02622.pkl,announce,train,11,25,1,-1
